{
    "hparams": {
        "loss": "margin",
        "input_dropout": 0.5,
        "hidden_state": 500,
        "hidden_layers": 2,
        "hidden_dropout": 0.3,
        "num_epochs": 50,
        "margin": 6.0,
        "lr": 0.001,
        "l2_reg_lambda": 0.0,
        "use_bn": false,
        "task": "discrimination",
        "bidirectional": false,
        "scorer": null
    },
    "discrimination": [
        0.9203984819734345,
        [
            0.8760460251046025,
            0.9192737430167598,
            0.9743073047858942
        ]
    ],
    "insertion": [
        0.3027609862365173,
        [
            0.4791467423789599,
            0.2236538889041613,
            0.12605513985466385
        ]
    ],
    "experiment_params": [
        null,
        "average_glove",
        "discrimination",
        false
    ]
}