{
    "hparams": {
        "loss": "margin",
        "input_dropout": 0.5,
        "hidden_state": 500,
        "hidden_layers": 2,
        "hidden_dropout": 0.3,
        "num_epochs": 50,
        "margin": 6.0,
        "lr": 0.001,
        "l2_reg_lambda": 0.0,
        "use_bn": false,
        "task": "discrimination",
        "bidirectional": false,
        "scorer": null
    },
    "discrimination": [
        0.9231973434535105,
        [
            0.8601464435146443,
            0.9349162011173184,
            0.9938287153652393
        ]
    ],
    "insertion": [
        0.31392585379925997,
        [
            0.467910274291027,
            0.2337774941810088,
            0.16466137867735156
        ]
    ],
    "experiment_params": [
        null,
        "sbert",
        "discrimination",
        false
    ]
}