{
    "hparams": {
        "loss": "margin",
        "input_dropout": 0.5,
        "hidden_state": 500,
        "hidden_layers": 2,
        "hidden_dropout": 0.3,
        "num_epochs": 50,
        "margin": 6.0,
        "lr": 0.001,
        "l2_reg_lambda": 0.0,
        "use_bn": false,
        "task": "discrimination",
        "bidirectional": true,
        "scorer": "sigmoid"
    },
    "discrimination": [
        0.7129506641366223,
        [
            0.6278242677824267,
            0.720391061452514,
            0.8120906801007557
        ]
    ],
    "insertion": [
        0.3808633941937952,
        [
            0.5827206614863519,
            0.2919856526285,
            0.17789448229038385
        ]
    ],
    "experiment_params": [
        "sigmoid",
        "average_glove",
        "discrimination",
        true
    ]
}