{
    "hparams": {
        "loss": "margin",
        "input_dropout": 0.5,
        "hidden_state": 500,
        "hidden_layers": 2,
        "hidden_dropout": 0.3,
        "num_epochs": 50,
        "margin": 6.0,
        "lr": 0.001,
        "l2_reg_lambda": 0.0,
        "use_bn": false,
        "task": "discrimination",
        "bidirectional": true,
        "scorer": "sigmoid"
    },
    "discrimination": [
        0.8113377609108159,
        [
            0.6900627615062761,
            0.8335195530726257,
            0.9473551637279597
        ]
    ],
    "insertion": [
        0.248427069942271,
        [
            0.4068796905093979,
            0.1612282772603266,
            0.09696165749638033
        ]
    ],
    "experiment_params": [
        "sigmoid",
        "sbert",
        "discrimination",
        true
    ]
}