{
    "hparams": {
        "loss": "margin",
        "input_dropout": 0.5,
        "hidden_state": 500,
        "hidden_layers": 2,
        "hidden_dropout": 0.3,
        "num_epochs": 50,
        "margin": 6.0,
        "lr": 0.001,
        "l2_reg_lambda": 0.0,
        "use_bn": false,
        "task": "insertion",
        "bidirectional": false,
        "scorer": null
    },
    "discrimination": [
        0.9184535104364326,
        [
            0.8715481171548117,
            0.9114525139664804,
            0.9780856423173804
        ]
    ],
    "insertion": [
        0.29929158419052077,
        [
            0.47795377565251984,
            0.20613191269356423,
            0.12618088816815207
        ]
    ],
    "experiment_params": [
        null,
        "average_glove",
        "insertion",
        false
    ]
}