{
    "hparams": {
        "loss": "margin",
        "input_dropout": 0.5,
        "hidden_state": 500,
        "hidden_layers": 2,
        "hidden_dropout": 0.3,
        "num_epochs": 50,
        "margin": 6.0,
        "lr": 0.001,
        "l2_reg_lambda": 0.0,
        "use_bn": false,
        "task": "insertion",
        "bidirectional": false,
        "scorer": null
    },
    "discrimination": [
        0.9225806451612903,
        [
            0.8617154811715482,
            0.9318435754189944,
            0.9916876574307305
        ]
    ],
    "insertion": [
        0.31643173738934816,
        [
            0.4771783887892673,
            0.22443384778986766,
            0.16436806703455134
        ]
    ],
    "experiment_params": [
        null,
        "sbert",
        "insertion",
        false
    ]
}