{
    "hparams": {
        "loss": "margin",
        "input_dropout": 0.5,
        "hidden_state": 500,
        "hidden_layers": 2,
        "hidden_dropout": 0.3,
        "num_epochs": 50,
        "margin": 6.0,
        "lr": 0.001,
        "l2_reg_lambda": 0.0,
        "use_bn": false,
        "task": "insertion",
        "bidirectional": false,
        "scorer": "tanh"
    },
    "discrimination": [
        0.0,
        [
            0.0,
            0.0,
            0.0
        ]
    ],
    "insertion": [
        1.0,
        [
            1.0,
            1.0,
            1.0
        ]
    ],
    "experiment_params": [
        "tanh",
        "average_glove",
        "insertion",
        false
    ]
}