{
    "hparams": {
        "loss": "margin",
        "input_dropout": 0.5,
        "hidden_state": 500,
        "hidden_layers": 2,
        "hidden_dropout": 0.3,
        "num_epochs": 50,
        "margin": 6.0,
        "lr": 0.001,
        "l2_reg_lambda": 0.0,
        "use_bn": false,
        "task": "insertion",
        "bidirectional": false,
        "scorer": "tanh"
    },
    "discrimination": [
        0.5871916508538899,
        [
            0.4175732217573222,
            0.6759776536312849,
            0.7513853904282116
        ]
    ],
    "insertion": [
        0.4079157280969489,
        [
            0.617593146045029,
            0.38849151772599894,
            0.16421579831664088
        ]
    ],
    "experiment_params": [
        "tanh",
        "sbert",
        "insertion",
        false
    ]
}