{
    "hparams": {
        "loss": "margin",
        "input_dropout": 0.5,
        "hidden_state": 500,
        "hidden_layers": 2,
        "hidden_dropout": 0.3,
        "num_epochs": 50,
        "margin": 6.0,
        "lr": 0.001,
        "l2_reg_lambda": 0.0,
        "use_bn": false,
        "task": "insertion",
        "bidirectional": false,
        "scorer": "sigmoid"
    },
    "discrimination": [
        0.05806451612903226,
        [
            0.022175732217573223,
            0.08268156424581005,
            0.09017632241813602
        ]
    ],
    "insertion": [
        0.9511190864065704,
        [
            0.9891595271302385,
            0.9629317492653535,
            0.8999911334654228
        ]
    ],
    "experiment_params": [
        "sigmoid",
        "average_glove",
        "insertion",
        false
    ]
}