{
    "hparams": {
        "loss": "margin",
        "input_dropout": 0.5,
        "hidden_state": 500,
        "hidden_layers": 2,
        "hidden_dropout": 0.3,
        "num_epochs": 50,
        "margin": 6.0,
        "lr": 0.001,
        "l2_reg_lambda": 0.0,
        "use_bn": false,
        "task": "insertion",
        "bidirectional": false,
        "scorer": "sigmoid"
    },
    "discrimination": [
        0.6704459203036053,
        [
            0.5570083682008368,
            0.6860335195530727,
            0.8
        ]
    ],
    "insertion": [
        0.17944612778865418,
        [
            0.24133127449027048,
            0.159654632735647,
            0.11385816177131335
        ]
    ],
    "experiment_params": [
        "sigmoid",
        "sbert",
        "insertion",
        false
    ]
}