{
    "hparams": {
        "loss": "margin",
        "input_dropout": 0.5,
        "hidden_state": 500,
        "hidden_layers": 2,
        "hidden_dropout": 0.3,
        "num_epochs": 50,
        "margin": 6.0,
        "lr": 0.001,
        "l2_reg_lambda": 0.0,
        "use_bn": false,
        "task": "insertion",
        "bidirectional": true,
        "scorer": null
    },
    "discrimination": [
        0.9191176470588235,
        [
            0.8723849372384938,
            0.9181564245810055,
            0.9758186397984887
        ]
    ],
    "insertion": [
        0.29290254821023687,
        [
            0.47541259879125974,
            0.19299056895698025,
            0.11820340490697226
        ]
    ],
    "experiment_params": [
        null,
        "average_glove",
        "insertion",
        true
    ]
}