{
    "hparams": {
        "loss": "margin",
        "input_dropout": 0.5,
        "hidden_state": 500,
        "hidden_layers": 2,
        "hidden_dropout": 0.3,
        "num_epochs": 50,
        "margin": 6.0,
        "lr": 0.001,
        "l2_reg_lambda": 0.0,
        "use_bn": false,
        "task": "insertion",
        "bidirectional": true,
        "scorer": null
    },
    "discrimination": [
        0.9245256166982923,
        [
            0.8621338912133891,
            0.9368715083798883,
            0.994080604534005
        ]
    ],
    "insertion": [
        0.32386778831795626,
        [
            0.48759879125987915,
            0.24332520771608754,
            0.1630458803116475
        ]
    ],
    "experiment_params": [
        null,
        "sbert",
        "insertion",
        true
    ]
}