{
    "hparams": {
        "loss": "margin",
        "input_dropout": 0.5,
        "hidden_state": 500,
        "hidden_layers": 2,
        "hidden_dropout": 0.3,
        "num_epochs": 50,
        "margin": 6.0,
        "lr": 0.001,
        "l2_reg_lambda": 0.0,
        "use_bn": false,
        "task": "discrimination",
        "bidirectional": false,
        "scorer": "tanh"
    },
    "discrimination": [
        0.09516129032258064,
        [
            0.1440376569037657,
            0.06201117318435754,
            0.051259445843828716
        ]
    ],
    "insertion": [
        0.8153084461835357,
        [
            0.8312072457992961,
            0.8387322398934467,
            0.7856044530087057
        ]
    ],
    "experiment_params": [
        "tanh",
        "average_glove",
        "discrimination",
        false
    ]
}