{
    "hparams": {
        "loss": "margin",
        "input_dropout": 0.5,
        "hidden_state": 500,
        "hidden_layers": 2,
        "hidden_dropout": 0.3,
        "num_epochs": 50,
        "margin": 6.0,
        "lr": 0.001,
        "l2_reg_lambda": 0.0,
        "use_bn": false,
        "task": "insertion",
        "bidirectional": true,
        "scorer": "tanh"
    },
    "discrimination": [
        0.7525142314990513,
        [
            0.6769874476987447,
            0.7497206703910615,
            0.8447103274559193
        ]
    ],
    "insertion": [
        0.31625653910951546,
        [
            0.5123663412366345,
            0.23185578056917808,
            0.11818915966860241
        ]
    ],
    "experiment_params": [
        "tanh",
        "average_glove",
        "insertion",
        true
    ]
}