{
    "hparams": {
        "loss": "margin",
        "input_dropout": 0.5,
        "hidden_state": 500,
        "hidden_layers": 2,
        "hidden_dropout": 0.3,
        "num_epochs": 50,
        "margin": 6.0,
        "lr": 0.001,
        "l2_reg_lambda": 0.0,
        "use_bn": false,
        "task": "insertion",
        "bidirectional": true,
        "scorer": "tanh"
    },
    "discrimination": [
        0.7851992409867172,
        [
            0.6298117154811715,
            0.8240223463687151,
            0.9547858942065491
        ]
    ],
    "insertion": [
        0.3210914554464022,
        [
            0.46025270638241367,
            0.2548820825117156,
            0.1833896917383302
        ]
    ],
    "experiment_params": [
        "tanh",
        "sbert",
        "insertion",
        true
    ]
}