{
    "hparams": {
        "loss": "margin",
        "input_dropout": 0.5,
        "hidden_state": 500,
        "hidden_layers": 2,
        "hidden_dropout": 0.3,
        "num_epochs": 50,
        "margin": 6.0,
        "lr": 0.001,
        "l2_reg_lambda": 0.0,
        "use_bn": false,
        "task": "insertion",
        "bidirectional": true,
        "scorer": "sigmoid"
    },
    "discrimination": [
        0.6716793168880455,
        [
            0.6048117154811715,
            0.6832402234636872,
            0.746977329974811
        ]
    ],
    "insertion": [
        0.3519198242862088,
        [
            0.5655442651258552,
            0.2792360485515181,
            0.1274813183294295
        ]
    ],
    "experiment_params": [
        "sigmoid",
        "average_glove",
        "insertion",
        true
    ]
}