{
    "hparams": {
        "loss": "margin",
        "input_dropout": 0.5,
        "hidden_state": 500,
        "hidden_layers": 2,
        "hidden_dropout": 0.3,
        "num_epochs": 50,
        "margin": 6.0,
        "lr": 0.001,
        "l2_reg_lambda": 0.0,
        "use_bn": false,
        "task": "insertion",
        "bidirectional": true,
        "scorer": "sigmoid"
    },
    "discrimination": [
        0.8125237191650854,
        [
            0.6939330543933054,
            0.8103351955307263,
            0.9562972292191436
        ]
    ],
    "insertion": [
        0.3122281471588086,
        [
            0.5047228863651458,
            0.2132880662547543,
            0.12506892585199894
        ]
    ],
    "experiment_params": [
        "sigmoid",
        "sbert",
        "insertion",
        true
    ]
}