{
    "hparams": {
        "loss": "margin",
        "input_dropout": 0.5,
        "hidden_state": 500,
        "hidden_layers": 2,
        "hidden_dropout": 0.3,
        "num_epochs": 50,
        "margin": 6.0,
        "lr": 0.001,
        "l2_reg_lambda": 0.0,
        "use_bn": false,
        "task": "discrimination",
        "bidirectional": false,
        "scorer": "tanh"
    },
    "discrimination": [
        0.2989089184060721,
        [
            0.5065899581589958,
            0.26452513966480445,
            0.06435768261964736
        ]
    ],
    "insertion": [
        0.2797739399114348,
        [
            0.38485920170020593,
            0.19689061500617785,
            0.19061867548576333
        ]
    ],
    "experiment_params": [
        "tanh",
        "sbert",
        "discrimination",
        false
    ]
}