{
    "hparams": {
        "loss": "margin",
        "input_dropout": 0.5,
        "hidden_state": 500,
        "hidden_layers": 2,
        "hidden_dropout": 0.3,
        "num_epochs": 50,
        "margin": 6.0,
        "lr": 0.001,
        "l2_reg_lambda": 0.0,
        "use_bn": false,
        "task": "discrimination",
        "bidirectional": false,
        "scorer": "sigmoid"
    },
    "discrimination": [
        0.6148481973434535,
        [
            0.46056485355648535,
            0.6480446927374302,
            0.7856423173803526
        ]
    ],
    "insertion": [
        0.4914624989206796,
        [
            0.7240012950787011,
            0.44805753122294967,
            0.23104926127422976
        ]
    ],
    "experiment_params": [
        "sigmoid",
        "average_glove",
        "discrimination",
        false
    ]
}