{
    "hparams": {
        "loss": "margin",
        "input_dropout": 0.5,
        "hidden_state": 500,
        "hidden_layers": 2,
        "hidden_dropout": 0.3,
        "num_epochs": 50,
        "margin": 6.0,
        "lr": 0.001,
        "l2_reg_lambda": 0.0,
        "use_bn": false,
        "task": "discrimination",
        "bidirectional": false,
        "scorer": "sigmoid"
    },
    "discrimination": [
        0.2711100569259962,
        [
            0.4618200836820084,
            0.22905027932960895,
            0.060453400503778336
        ]
    ],
    "insertion": [
        0.31957867972241627,
        [
            0.4188516968851696,
            0.25812465837544984,
            0.2277594545771035
        ]
    ],
    "experiment_params": [
        "sigmoid",
        "sbert",
        "discrimination",
        false
    ]
}