{
    "hparams": {
        "loss": "margin",
        "input_dropout": 0.5,
        "hidden_state": 500,
        "hidden_layers": 2,
        "hidden_dropout": 0.3,
        "num_epochs": 50,
        "margin": 6.0,
        "lr": 0.001,
        "l2_reg_lambda": 0.0,
        "use_bn": false,
        "task": "discrimination",
        "bidirectional": true,
        "scorer": null
    },
    "discrimination": [
        0.9259487666034155,
        [
            0.8854602510460251,
            0.9164804469273743,
            0.9789672544080604
        ]
    ],
    "insertion": [
        0.3090945035483815,
        [
            0.49413727834229926,
            0.21645219005856886,
            0.12806812511811405
        ]
    ],
    "experiment_params": [
        null,
        "average_glove",
        "discrimination",
        true
    ]
}