{
    "hparams": {
        "loss": "margin",
        "input_dropout": 0.5,
        "hidden_state": 500,
        "hidden_layers": 2,
        "hidden_dropout": 0.3,
        "num_epochs": 50,
        "margin": 6.0,
        "lr": 0.001,
        "l2_reg_lambda": 0.0,
        "use_bn": false,
        "task": "discrimination",
        "bidirectional": true,
        "scorer": null
    },
    "discrimination": [
        0.9267552182163188,
        [
            0.8665271966527197,
            0.9388268156424581,
            0.9938287153652393
        ]
    ],
    "insertion": [
        0.31300101036709055,
        [
            0.4690019592216244,
            0.2256792060113315,
            0.16454294847090334
        ]
    ],
    "experiment_params": [
        null,
        "sbert",
        "discrimination",
        true
    ]
}