{
    "hparams": {
        "loss": "margin",
        "input_dropout": 0.5,
        "hidden_state": 500,
        "hidden_layers": 2,
        "hidden_dropout": 0.3,
        "num_epochs": 50,
        "margin": 6.0,
        "lr": 0.001,
        "l2_reg_lambda": 0.0,
        "use_bn": false,
        "task": "discrimination",
        "bidirectional": true,
        "scorer": "tanh"
    },
    "discrimination": [
        0.8069734345351044,
        [
            0.693723849372385,
            0.8092178770949721,
            0.9423173803526448
        ]
    ],
    "insertion": [
        0.3133828862858193,
        [
            0.48821561400013297,
            0.21472673007904855,
            0.14736124425450947
        ]
    ],
    "experiment_params": [
        "tanh",
        "sbert",
        "discrimination",
        true
    ]
}