{
    "hparams": {
        "loss": "margin",
        "input_dropout": 0.5,
        "hidden_state": 500,
        "hidden_layers": 1,
        "hidden_dropout": 0.2,
        "num_epochs": 50,
        "margin": 4.0,
        "lr": 0.001,
        "l2_reg_lambda": 0.0,
        "use_bn": false,
        "task": "discrimination",
        "bidirectional": false,
        "dpout_model": 0.0
    },
    "discrimination": [
        0.9285578747628084,
        [
            0.8882845188284518,
            0.9229050279329609,
            0.9795969773299749
        ]
    ],
    "insertion": [
        0.30475804275178464,
        [
            0.48627050541276445,
            0.21464771363049545,
            0.12684064164539266
        ]
    ]
}