{
    "hparams": {
        "loss": "margin",
        "input_dropout": 0.5,
        "hidden_state": 500,
        "hidden_layers": 1,
        "hidden_dropout": 0.2,
        "num_epochs": 50,
        "margin": 4.0,
        "lr": 0.001,
        "l2_reg_lambda": 0.1,
        "use_bn": false,
        "task": "discrimination",
        "bidirectional": false,
        "dpout_model": 0.1
    },
    "discrimination": [
        0.7768026565464896,
        [
            0.6990585774058578,
            0.755586592178771,
            0.8799748110831235
        ]
    ],
    "insertion": [
        0.19257318150959726,
        [
            0.322231354187421,
            0.12489998578886789,
            0.06697342204866738
        ]
    ]
}