{
    "hparams": {
        "loss": "margin",
        "input_dropout": 0.5,
        "hidden_state": 500,
        "hidden_layers": 1,
        "hidden_dropout": 0.2,
        "num_epochs": 50,
        "margin": 5.0,
        "lr": 0.001,
        "l2_reg_lambda": 0.0,
        "use_bn": false,
        "task": "discrimination",
        "bidirectional": false,
        "dpout_model": 0.0
    },
    "discrimination": [
        0.9225332068311195,
        [
            0.8746861924686192,
            0.923463687150838,
            0.9797229219143577
        ]
    ],
    "insertion": [
        0.2952265307750809,
        [
            0.47367918576077533,
            0.20398544399141122,
            0.12150306843532005
        ]
    ]
}