{
    "hparams": {
        "loss": "margin",
        "input_dropout": 0.5,
        "hidden_state": 500,
        "hidden_layers": 1,
        "hidden_dropout": 0.2,
        "num_epochs": 50,
        "margin": 5.0,
        "lr": 0.001,
        "l2_reg_lambda": 0.0,
        "use_bn": false,
        "task": "discrimination",
        "bidirectional": false,
        "dpout_model": 0.05
    },
    "discrimination": [
        0.9225332068311195,
        [
            0.8767782426778242,
            0.9198324022346369,
            0.9788413098236776
        ]
    ],
    "insertion": [
        0.29961561855173013,
        [
            0.47846267516769597,
            0.2094947085678618,
            0.12491221760634169
        ]
    ]
}