{
    "hparams": {
        "loss": "margin",
        "input_dropout": 0.5,
        "hidden_state": 500,
        "hidden_layers": 1,
        "hidden_dropout": 0.2,
        "num_epochs": 50,
        "margin": 5.0,
        "lr": 0.001,
        "l2_reg_lambda": 0.0,
        "use_bn": false,
        "task": "discrimination",
        "bidirectional": false,
        "dpout_model": 0.1
    },
    "discrimination": [
        0.9274193548387096,
        [
            0.8879707112970712,
            0.9170391061452514,
            0.9795969773299749
        ]
    ],
    "insertion": [
        0.30688404511533574,
        [
            0.4898328020189941,
            0.21394432345342118,
            0.12851302339627782
        ]
    ]
}