{
    "hparams": {
        "loss": "margin",
        "input_dropout": 0.5,
        "hidden_state": 500,
        "hidden_layers": 1,
        "hidden_dropout": 0.2,
        "num_epochs": 50,
        "margin": 5.0,
        "lr": 0.001,
        "l2_reg_lambda": 0.1,
        "use_bn": false,
        "task": "discrimination",
        "bidirectional": false,
        "dpout_model": 0.0
    },
    "discrimination": [
        0.7840132827324479,
        [
            0.7120292887029289,
            0.7692737430167598,
            0.8773299748110831
        ]
    ],
    "insertion": [
        0.198292235252846,
        [
            0.3329116025768744,
            0.12934245527146396,
            0.06729463584675488
        ]
    ]
}