{
    "hparams": {
        "loss": "margin",
        "input_dropout": 0.5,
        "hidden_state": 500,
        "hidden_layers": 1,
        "hidden_dropout": 0.2,
        "num_epochs": 50,
        "margin": 5.0,
        "lr": 0.001,
        "l2_reg_lambda": 0.1,
        "use_bn": false,
        "task": "discrimination",
        "bidirectional": false,
        "dpout_model": 0.05
    },
    "discrimination": [
        0.7608633776091082,
        [
            0.7015690376569038,
            0.7388268156424581,
            0.8421914357682619
        ]
    ],
    "insertion": [
        0.18623473865345358,
        [
            0.3228880255030882,
            0.11189624603910193,
            0.05521791009890346
        ]
    ]
}