{
    "hparams": {
        "loss": "margin",
        "input_dropout": 0.5,
        "hidden_state": 500,
        "hidden_layers": 1,
        "hidden_dropout": 0.30000000000000004,
        "num_epochs": 50,
        "margin": 4.0,
        "lr": 0.001,
        "l2_reg_lambda": 0.0,
        "use_bn": false,
        "task": "discrimination",
        "bidirectional": false,
        "dpout_model": 0.0
    },
    "discrimination": [
        0.9206831119544592,
        [
            0.876255230125523,
            0.9181564245810055,
            0.9753148614609571
        ]
    ],
    "insertion": [
        0.2960581417834744,
        [
            0.47172909610148067,
            0.20399978008185815,
            0.12605242536176736
        ]
    ]
}