{
    "hparams": {
        "loss": "margin",
        "input_dropout": 0.5,
        "hidden_state": 500,
        "hidden_layers": 1,
        "hidden_dropout": 0.30000000000000004,
        "num_epochs": 50,
        "margin": 4.0,
        "lr": 0.001,
        "l2_reg_lambda": 0.0,
        "use_bn": false,
        "task": "discrimination",
        "bidirectional": false,
        "dpout_model": 0.1
    },
    "discrimination": [
        0.9227703984819734,
        [
            0.877092050209205,
            0.9195530726256983,
            0.9792191435768262
        ]
    ],
    "insertion": [
        0.29827240339138306,
        [
            0.47183535896924983,
            0.21784895919795697,
            0.1255588108080152
        ]
    ]
}