{
    "hparams": {
        "loss": "margin",
        "input_dropout": 0.5,
        "hidden_state": 500,
        "hidden_layers": 1,
        "hidden_dropout": 0.30000000000000004,
        "num_epochs": 50,
        "margin": 4.0,
        "lr": 0.001,
        "l2_reg_lambda": 0.1,
        "use_bn": false,
        "task": "discrimination",
        "bidirectional": false,
        "dpout_model": 0.05
    },
    "discrimination": [
        0.7745256166982922,
        [
            0.7067991631799163,
            0.7547486033519553,
            0.8649874055415617
        ]
    ],
    "insertion": [
        0.19740425985719812,
        [
            0.3380645214850238,
            0.1169484266648596,
            0.0643211089335909
        ]
    ]
}