{
    "hparams": {
        "loss": "margin",
        "input_dropout": 0.5,
        "hidden_state": 500,
        "hidden_layers": 1,
        "hidden_dropout": 0.30000000000000004,
        "num_epochs": 50,
        "margin": 4.0,
        "lr": 0.001,
        "l2_reg_lambda": 0.1,
        "use_bn": false,
        "task": "discrimination",
        "bidirectional": false,
        "dpout_model": 0.1
    },
    "discrimination": [
        0.7859582542694498,
        [
            0.7084728033472804,
            0.7656424581005586,
            0.8884130982367758
        ]
    ],
    "insertion": [
        0.20263336136082516,
        [
            0.34158696951583956,
            0.12371827799664763,
            0.07091037703863598
        ]
    ]
}