{
    "hparams": {
        "loss": "margin",
        "input_dropout": 0.5,
        "hidden_state": 500,
        "hidden_layers": 1,
        "hidden_dropout": 0.30000000000000004,
        "num_epochs": 50,
        "margin": 5.0,
        "lr": 0.001,
        "l2_reg_lambda": 0.0,
        "use_bn": false,
        "task": "discrimination",
        "bidirectional": false,
        "dpout_model": 0.0
    },
    "discrimination": [
        0.923719165085389,
        [
            0.8780334728033473,
            0.9254189944134078,
            0.9779596977329975
        ]
    ],
    "insertion": [
        0.3018064213569498,
        [
            0.4790529321910076,
            0.21433195693253293,
            0.12783689227204045
        ]
    ]
}