{
    "hparams": {
        "loss": "margin",
        "input_dropout": 0.5,
        "hidden_state": 500,
        "hidden_layers": 1,
        "hidden_dropout": 0.30000000000000004,
        "num_epochs": 50,
        "margin": 5.0,
        "lr": 0.001,
        "l2_reg_lambda": 0.0,
        "use_bn": false,
        "task": "discrimination",
        "bidirectional": false,
        "dpout_model": 0.1
    },
    "discrimination": [
        0.9192599620493359,
        [
            0.8724895397489539,
            0.9170391061452514,
            0.9765743073047859
        ]
    ],
    "insertion": [
        0.29872107671736,
        [
            0.48151358172278624,
            0.20042550343326926,
            0.12295304202027808
        ]
    ]
}