{
    "hparams": {
        "loss": "margin",
        "input_dropout": 0.5,
        "hidden_state": 500,
        "hidden_layers": 1,
        "hidden_dropout": 0.30000000000000004,
        "num_epochs": 50,
        "margin": 5.0,
        "lr": 0.001,
        "l2_reg_lambda": 0.1,
        "use_bn": false,
        "task": "discrimination",
        "bidirectional": false,
        "dpout_model": 0.0
    },
    "discrimination": [
        0.7870018975332068,
        [
            0.7152719665271966,
            0.7628491620111731,
            0.8842569269521411
        ]
    ],
    "insertion": [
        0.20448988816770552,
        [
            0.34488859002457317,
            0.12651945978411372,
            0.07060103978755489
        ]
    ]
}