{
    "hparams": {
        "loss": "margin",
        "input_dropout": 0.5,
        "hidden_state": 500,
        "hidden_layers": 1,
        "hidden_dropout": 0.30000000000000004,
        "num_epochs": 50,
        "margin": 5.0,
        "lr": 0.001,
        "l2_reg_lambda": 0.1,
        "use_bn": false,
        "task": "discrimination",
        "bidirectional": false,
        "dpout_model": 0.05
    },
    "discrimination": [
        0.773292220113852,
        [
            0.7100418410041841,
            0.7527932960893855,
            0.8586901763224182
        ]
    ],
    "insertion": [
        0.20193035607649562,
        [
            0.34358686989440124,
            0.13030675253702215,
            0.06366539745837699
        ]
    ]
}