{
    "hparams": {
        "loss": "margin",
        "input_dropout": 0.5,
        "hidden_state": 500,
        "hidden_layers": 1,
        "hidden_dropout": 0.30000000000000004,
        "num_epochs": 50,
        "margin": 5.0,
        "lr": 0.001,
        "l2_reg_lambda": 0.1,
        "use_bn": false,
        "task": "discrimination",
        "bidirectional": false,
        "dpout_model": 0.1
    },
    "discrimination": [
        0.7670777988614801,
        [
            0.6970711297071129,
            0.7455307262569832,
            0.8610831234256927
        ]
    ],
    "insertion": [
        0.19657674325012672,
        [
            0.33387959088795893,
            0.11916733526489304,
            0.06616244314552484
        ]
    ]
}