{
    "hparams": {
        "loss": "margin",
        "input_dropout": 0.5,
        "hidden_state": 500,
        "hidden_layers": 1,
        "hidden_dropout": 0.30000000000000004,
        "num_epochs": 50,
        "margin": 6.0,
        "lr": 0.001,
        "l2_reg_lambda": 0.0,
        "use_bn": false,
        "task": "discrimination",
        "bidirectional": false,
        "dpout_model": 0.0
    },
    "discrimination": [
        0.9233870967741935,
        [
            0.8793933054393306,
            0.9187150837988827,
            0.978463476070529
        ]
    ],
    "insertion": [
        0.2988774873589399,
        [
            0.47745151756658005,
            0.2128921298696192,
            0.12263817388623555
        ]
    ]
}