{
    "hparams": {
        "loss": "margin",
        "input_dropout": 0.5,
        "hidden_state": 500,
        "hidden_layers": 1,
        "hidden_dropout": 0.30000000000000004,
        "num_epochs": 50,
        "margin": 6.0,
        "lr": 0.001,
        "l2_reg_lambda": 0.0,
        "use_bn": false,
        "task": "discrimination",
        "bidirectional": false,
        "dpout_model": 0.1
    },
    "discrimination": [
        0.925853889943074,
        [
            0.8844142259414226,
            0.9187150837988827,
            0.9789672544080604
        ]
    ],
    "insertion": [
        0.3068164074044008,
        [
            0.48477286312014345,
            0.22358601681530066,
            0.13007850836995227
        ]
    ]
}