{
    "hparams": {
        "loss": "margin",
        "input_dropout": 0.5,
        "hidden_state": 500,
        "hidden_layers": 1,
        "hidden_dropout": 0.30000000000000004,
        "num_epochs": 50,
        "margin": 6.0,
        "lr": 0.001,
        "l2_reg_lambda": 0.1,
        "use_bn": false,
        "task": "discrimination",
        "bidirectional": false,
        "dpout_model": 0.1
    },
    "discrimination": [
        0.784819734345351,
        [
            0.7172594142259414,
            0.759217877094972,
            0.8777078085642317
        ]
    ],
    "insertion": [
        0.20156034717628152,
        [
            0.3406530185295875,
            0.12711737528162628,
            0.06765353373110015
        ]
    ]
}