{
    "hparams": {
        "loss": "margin",
        "input_dropout": 0.5,
        "hidden_state": 500,
        "hidden_layers": 1,
        "hidden_dropout": 0.4000000000000001,
        "num_epochs": 50,
        "margin": 4.0,
        "lr": 0.001,
        "l2_reg_lambda": 0.0,
        "use_bn": false,
        "task": "discrimination",
        "bidirectional": false,
        "dpout_model": 0.05
    },
    "discrimination": [
        0.925,
        [
            0.8830543933054393,
            0.9217877094972067,
            0.9769521410579345
        ]
    ],
    "insertion": [
        0.3045789501629458,
        [
            0.4824209669920964,
            0.21884290488939637,
            0.12910859263053118
        ]
    ]
}