{
    "hparams": {
        "loss": "margin",
        "input_dropout": 0.5,
        "hidden_state": 500,
        "hidden_layers": 1,
        "hidden_dropout": 0.4000000000000001,
        "num_epochs": 50,
        "margin": 4.0,
        "lr": 0.001,
        "l2_reg_lambda": 0.0,
        "use_bn": false,
        "task": "discrimination",
        "bidirectional": false,
        "dpout_model": 0.1
    },
    "discrimination": [
        0.9278937381404174,
        [
            0.8889121338912134,
            0.923463687150838,
            0.9768261964735516
        ]
    ],
    "insertion": [
        0.3061722745296455,
        [
            0.490998372849837,
            0.21791223652786867,
            0.12343089368648809
        ]
    ]
}