{
    "hparams": {
        "loss": "margin",
        "input_dropout": 0.5,
        "hidden_state": 500,
        "hidden_layers": 1,
        "hidden_dropout": 0.4000000000000001,
        "num_epochs": 50,
        "margin": 4.0,
        "lr": 0.001,
        "l2_reg_lambda": 0.1,
        "use_bn": false,
        "task": "discrimination",
        "bidirectional": false,
        "dpout_model": 0.0
    },
    "discrimination": [
        0.7668406072106262,
        [
            0.7002092050209205,
            0.7474860335195531,
            0.8557934508816121
        ]
    ],
    "insertion": [
        0.19328528942733608,
        [
            0.33220096964866835,
            0.117898960171994,
            0.060016921142473076
        ]
    ]
}