{
    "hparams": {
        "loss": "margin",
        "input_dropout": 0.5,
        "hidden_state": 500,
        "hidden_layers": 1,
        "hidden_dropout": 0.4000000000000001,
        "num_epochs": 50,
        "margin": 4.0,
        "lr": 0.001,
        "l2_reg_lambda": 0.1,
        "use_bn": false,
        "task": "discrimination",
        "bidirectional": false,
        "dpout_model": 0.05
    },
    "discrimination": [
        0.79146110056926,
        [
            0.7176778242677824,
            0.7723463687150838,
            0.8889168765743073
        ]
    ],
    "insertion": [
        0.20521984548056094,
        [
            0.3430738194859534,
            0.13117656407065229,
            0.07262424799390114
        ]
    ]
}