{
    "hparams": {
        "loss": "margin",
        "input_dropout": 0.5,
        "hidden_state": 500,
        "hidden_layers": 1,
        "hidden_dropout": 0.4000000000000001,
        "num_epochs": 50,
        "margin": 5.0,
        "lr": 0.001,
        "l2_reg_lambda": 0.0,
        "use_bn": false,
        "task": "discrimination",
        "bidirectional": false,
        "dpout_model": 0.0
    },
    "discrimination": [
        0.925426944971537,
        [
            0.880857740585774,
            0.9237430167597765,
            0.9798488664987406
        ]
    ],
    "insertion": [
        0.30294701258254003,
        [
            0.4827223218436607,
            0.20910130962775525,
            0.12880540805380142
        ]
    ]
}