{
    "hparams": {
        "loss": "margin",
        "input_dropout": 0.5,
        "hidden_state": 500,
        "hidden_layers": 1,
        "hidden_dropout": 0.4000000000000001,
        "num_epochs": 50,
        "margin": 5.0,
        "lr": 0.001,
        "l2_reg_lambda": 0.0,
        "use_bn": false,
        "task": "discrimination",
        "bidirectional": false,
        "dpout_model": 0.05
    },
    "discrimination": [
        0.9249525616698292,
        [
            0.8804393305439331,
            0.9262569832402234,
            0.9779596977329975
        ]
    ],
    "insertion": [
        0.30346630414028364,
        [
            0.4822076110779038,
            0.21625146504182952,
            0.12757993507842194
        ]
    ]
}