{
    "hparams": {
        "loss": "margin",
        "input_dropout": 0.5,
        "hidden_state": 500,
        "hidden_layers": 1,
        "hidden_dropout": 0.4000000000000001,
        "num_epochs": 50,
        "margin": 5.0,
        "lr": 0.001,
        "l2_reg_lambda": 0.0,
        "use_bn": false,
        "task": "discrimination",
        "bidirectional": false,
        "dpout_model": 0.1
    },
    "discrimination": [
        0.9247153700189753,
        [
            0.8786610878661087,
            0.9254189944134078,
            0.9798488664987406
        ]
    ],
    "insertion": [
        0.3003276001338736,
        [
            0.47281330942418764,
            0.2164711392905522,
            0.13045892872375867
        ]
    ]
}