{
    "hparams": {
        "loss": "margin",
        "input_dropout": 0.5,
        "hidden_state": 500,
        "hidden_layers": 1,
        "hidden_dropout": 0.4000000000000001,
        "num_epochs": 50,
        "margin": 5.0,
        "lr": 0.001,
        "l2_reg_lambda": 0.1,
        "use_bn": false,
        "task": "discrimination",
        "bidirectional": false,
        "dpout_model": 0.05
    },
    "discrimination": [
        0.7748576850094877,
        [
            0.700836820083682,
            0.7491620111731844,
            0.8755667506297229
        ]
    ],
    "insertion": [
        0.19586150911293979,
        [
            0.3278217772464635,
            0.12859383807353258,
            0.06730711351654066
        ]
    ]
}