{
    "hparams": {
        "loss": "margin",
        "input_dropout": 0.5,
        "hidden_state": 500,
        "hidden_layers": 1,
        "hidden_dropout": 0.4000000000000001,
        "num_epochs": 50,
        "margin": 6.0,
        "lr": 0.001,
        "l2_reg_lambda": 0.0,
        "use_bn": false,
        "task": "discrimination",
        "bidirectional": false,
        "dpout_model": 0.0
    },
    "discrimination": [
        0.925853889943074,
        [
            0.8835774058577406,
            0.9184357541899442,
            0.9801007556675063
        ]
    ],
    "insertion": [
        0.3035424120670568,
        [
            0.4865145779371718,
            0.2126298505665734,
            0.12422919600325703
        ]
    ]
}