{
    "hparams": {
        "loss": "margin",
        "input_dropout": 0.5,
        "hidden_state": 500,
        "hidden_layers": 1,
        "hidden_dropout": 0.4000000000000001,
        "num_epochs": 50,
        "margin": 6.0,
        "lr": 0.001,
        "l2_reg_lambda": 0.0,
        "use_bn": false,
        "task": "discrimination",
        "bidirectional": false,
        "dpout_model": 0.1
    },
    "discrimination": [
        0.9218690702087287,
        [
            0.8719665271966527,
            0.9279329608938548,
            0.9792191435768262
        ]
    ],
    "insertion": [
        0.29908283670510644,
        [
            0.47162366341236595,
            0.20951878829362955,
            0.1317212485428503
        ]
    ]
}