{
    "hparams": {
        "loss": "margin",
        "input_dropout": 0.5,
        "hidden_state": 500,
        "hidden_layers": 1,
        "hidden_dropout": 0.4000000000000001,
        "num_epochs": 50,
        "margin": 6.0,
        "lr": 0.001,
        "l2_reg_lambda": 0.1,
        "use_bn": false,
        "task": "discrimination",
        "bidirectional": false,
        "dpout_model": 0.05
    },
    "discrimination": [
        0.784819734345351,
        [
            0.7152719665271966,
            0.7622905027932961,
            0.8787153652392947
        ]
    ],
    "insertion": [
        0.19871443977982456,
        [
            0.3367594806402338,
            0.12232704705571677,
            0.06694570871267001
        ]
    ]
}