{
    "hparams": {
        "loss": "margin",
        "input_dropout": 0.5,
        "hidden_state": 500,
        "hidden_layers": 2,
        "hidden_dropout": 0.2,
        "num_epochs": 50,
        "margin": 4.0,
        "lr": 0.001,
        "l2_reg_lambda": 0.0,
        "use_bn": false,
        "task": "discrimination",
        "bidirectional": false,
        "dpout_model": 0.0
    },
    "discrimination": [
        0.9144686907020873,
        [
            0.8686192468619247,
            0.911731843575419,
            0.9709068010075567
        ]
    ],
    "insertion": [
        0.2950270518859682,
        [
            0.47008949325894905,
            0.20756589226978556,
            0.1236812095560232
        ]
    ]
}