{
    "hparams": {
        "loss": "margin",
        "input_dropout": 0.5,
        "hidden_state": 500,
        "hidden_layers": 2,
        "hidden_dropout": 0.2,
        "num_epochs": 50,
        "margin": 4.0,
        "lr": 0.001,
        "l2_reg_lambda": 0.0,
        "use_bn": false,
        "task": "discrimination",
        "bidirectional": false,
        "dpout_model": 0.1
    },
    "discrimination": [
        0.9238140417457306,
        [
            0.8805439330543933,
            0.9217877094972067,
            0.9768261964735516
        ]
    ],
    "insertion": [
        0.30543623637312595,
        [
            0.49163844059241524,
            0.21721114782195444,
            0.12102222436768367
        ]
    ]
}