{
    "hparams": {
        "loss": "margin",
        "input_dropout": 0.5,
        "hidden_state": 500,
        "hidden_layers": 2,
        "hidden_dropout": 0.2,
        "num_epochs": 50,
        "margin": 4.0,
        "lr": 0.001,
        "l2_reg_lambda": 0.1,
        "use_bn": false,
        "task": "discrimination",
        "bidirectional": false,
        "dpout_model": 0.0
    },
    "discrimination": [
        0.7494781783681215,
        [
            0.6729079497907949,
            0.7287709497206704,
            0.851007556675063
        ]
    ],
    "insertion": [
        0.1773480490238349,
        [
            0.30472454672245475,
            0.11142826843745257,
            0.053704912562933596
        ]
    ]
}