{
    "hparams": {
        "loss": "margin",
        "input_dropout": 0.5,
        "hidden_state": 500,
        "hidden_layers": 2,
        "hidden_dropout": 0.2,
        "num_epochs": 50,
        "margin": 4.0,
        "lr": 0.001,
        "l2_reg_lambda": 0.1,
        "use_bn": false,
        "task": "discrimination",
        "bidirectional": false,
        "dpout_model": 0.05
    },
    "discrimination": [
        0.7514231499051234,
        [
            0.6710251046025104,
            0.732122905027933,
            0.856926952141058
        ]
    ],
    "insertion": [
        0.17959820394919312,
        [
            0.30147356711164236,
            0.12204161289183861,
            0.05880779137391785
        ]
    ]
}