{
    "hparams": {
        "loss": "margin",
        "input_dropout": 0.5,
        "hidden_state": 500,
        "hidden_layers": 2,
        "hidden_dropout": 0.2,
        "num_epochs": 50,
        "margin": 5.0,
        "lr": 0.001,
        "l2_reg_lambda": 0.0,
        "use_bn": false,
        "task": "discrimination",
        "bidirectional": false,
        "dpout_model": 0.0
    },
    "discrimination": [
        0.9179316888045541,
        [
            0.8730125523012552,
            0.9114525139664804,
            0.9749370277078085
        ]
    ],
    "insertion": [
        0.2970981078464906,
        [
            0.477072125921498,
            0.205075302729107,
            0.12189534078391653
        ]
    ]
}