{
    "hparams": {
        "loss": "margin",
        "input_dropout": 0.5,
        "hidden_state": 500,
        "hidden_layers": 2,
        "hidden_dropout": 0.2,
        "num_epochs": 50,
        "margin": 5.0,
        "lr": 0.001,
        "l2_reg_lambda": 0.0,
        "use_bn": false,
        "task": "discrimination",
        "bidirectional": false,
        "dpout_model": 0.05
    },
    "discrimination": [
        0.9168406072106262,
        [
            0.8714435146443514,
            0.9089385474860335,
            0.9750629722921914
        ]
    ],
    "insertion": [
        0.29868509844866614,
        [
            0.4765258683668723,
            0.21849116298045687,
            0.12071740683130322
        ]
    ]
}