{
    "hparams": {
        "loss": "margin",
        "input_dropout": 0.5,
        "hidden_state": 500,
        "hidden_layers": 2,
        "hidden_dropout": 0.2,
        "num_epochs": 50,
        "margin": 5.0,
        "lr": 0.001,
        "l2_reg_lambda": 0.1,
        "use_bn": false,
        "task": "discrimination",
        "bidirectional": false,
        "dpout_model": 0.0
    },
    "discrimination": [
        0.7490512333965844,
        [
            0.6447698744769874,
            0.7418994413407821,
            0.8778337531486146
        ]
    ],
    "insertion": [
        0.16346572540184165,
        [
            0.26967523411038063,
            0.11196192784025946,
            0.05880838182713528
        ]
    ]
}