{
    "hparams": {
        "loss": "margin",
        "input_dropout": 0.5,
        "hidden_state": 500,
        "hidden_layers": 2,
        "hidden_dropout": 0.2,
        "num_epochs": 50,
        "margin": 5.0,
        "lr": 0.001,
        "l2_reg_lambda": 0.1,
        "use_bn": false,
        "task": "discrimination",
        "bidirectional": false,
        "dpout_model": 0.1
    },
    "discrimination": [
        0.7279411764705882,
        [
            0.6761506276150627,
            0.7139664804469273,
            0.7965994962216625
        ]
    ],
    "insertion": [
        0.17246699570742743,
        [
            0.3017035265989242,
            0.10343435458388671,
            0.047987854636844005
        ]
    ]
}