{
    "hparams": {
        "loss": "margin",
        "input_dropout": 0.5,
        "hidden_state": 500,
        "hidden_layers": 2,
        "hidden_dropout": 0.2,
        "num_epochs": 50,
        "margin": 6.0,
        "lr": 0.001,
        "l2_reg_lambda": 0.0,
        "use_bn": false,
        "task": "discrimination",
        "bidirectional": false,
        "dpout_model": 0.0
    },
    "discrimination": [
        0.9189278937381404,
        [
            0.8734309623430963,
            0.9153631284916202,
            0.9753148614609571
        ]
    ],
    "insertion": [
        0.2945894581166293,
        [
            0.46283290164043284,
            0.21301891548769625,
            0.12879792442947785
        ]
    ]
}