{
    "hparams": {
        "loss": "margin",
        "input_dropout": 0.5,
        "hidden_state": 500,
        "hidden_layers": 2,
        "hidden_dropout": 0.2,
        "num_epochs": 50,
        "margin": 6.0,
        "lr": 0.001,
        "l2_reg_lambda": 0.1,
        "use_bn": false,
        "task": "discrimination",
        "bidirectional": false,
        "dpout_model": 0.0
    },
    "discrimination": [
        0.7648007590132827,
        [
            0.6811715481171549,
            0.7432960893854749,
            0.8751889168765743
        ]
    ],
    "insertion": [
        0.1817383489646712,
        [
            0.29959072192335773,
            0.12657313883553567,
            0.06471350850840697
        ]
    ]
}