{
    "hparams": {
        "loss": "margin",
        "input_dropout": 0.5,
        "hidden_state": 500,
        "hidden_layers": 2,
        "hidden_dropout": 0.2,
        "num_epochs": 50,
        "margin": 6.0,
        "lr": 0.001,
        "l2_reg_lambda": 0.1,
        "use_bn": false,
        "task": "discrimination",
        "bidirectional": false,
        "dpout_model": 0.05
    },
    "discrimination": [
        0.7645635673624288,
        [
            0.6872384937238494,
            0.7455307262569832,
            0.8662468513853905
        ]
    ],
    "insertion": [
        0.18782261039248524,
        [
            0.31749518496380413,
            0.11927482751742917,
            0.06259984588252204
        ]
    ]
}