{
    "hparams": {
        "loss": "margin",
        "input_dropout": 0.5,
        "hidden_state": 500,
        "hidden_layers": 2,
        "hidden_dropout": 0.2,
        "num_epochs": 50,
        "margin": 6.0,
        "lr": 0.001,
        "l2_reg_lambda": 0.1,
        "use_bn": false,
        "task": "discrimination",
        "bidirectional": false,
        "dpout_model": 0.1
    },
    "discrimination": [
        0.7547912713472485,
        [
            0.6689330543933054,
            0.7326815642458101,
            0.8681360201511334
        ]
    ],
    "insertion": [
        0.1840065041522287,
        [
            0.30857325496446836,
            0.12195017595764777,
            0.06200442822925495
        ]
    ]
}