{
    "hparams": {
        "loss": "margin",
        "input_dropout": 0.5,
        "hidden_state": 500,
        "hidden_layers": 2,
        "hidden_dropout": 0.30000000000000004,
        "num_epochs": 50,
        "margin": 4.0,
        "lr": 0.001,
        "l2_reg_lambda": 0.0,
        "use_bn": false,
        "task": "discrimination",
        "bidirectional": false,
        "dpout_model": 0.05
    },
    "discrimination": [
        0.923292220113852,
        [
            0.8782426778242678,
            0.9231843575418994,
            0.9775818639798489
        ]
    ],
    "insertion": [
        0.2959987314763709,
        [
            0.47820531978481745,
            0.20657357751702843,
            0.11693664922771813
        ]
    ]
}