{
    "hparams": {
        "loss": "margin",
        "input_dropout": 0.5,
        "hidden_state": 500,
        "hidden_layers": 2,
        "hidden_dropout": 0.30000000000000004,
        "num_epochs": 50,
        "margin": 4.0,
        "lr": 0.001,
        "l2_reg_lambda": 0.1,
        "use_bn": false,
        "task": "discrimination",
        "bidirectional": false,
        "dpout_model": 0.0
    },
    "discrimination": [
        0.7509487666034156,
        [
            0.681276150627615,
            0.7201117318435755,
            0.8487405541561713
        ]
    ],
    "insertion": [
        0.18095314338144874,
        [
            0.3118881583316729,
            0.11240771223518513,
            0.05420930214460754
        ]
    ]
}