{
    "hparams": {
        "loss": "margin",
        "input_dropout": 0.5,
        "hidden_state": 500,
        "hidden_layers": 2,
        "hidden_dropout": 0.30000000000000004,
        "num_epochs": 50,
        "margin": 4.0,
        "lr": 0.001,
        "l2_reg_lambda": 0.1,
        "use_bn": false,
        "task": "discrimination",
        "bidirectional": false,
        "dpout_model": 0.05
    },
    "discrimination": [
        0.7584440227703985,
        [
            0.6598326359832636,
            0.7449720670391061,
            0.8832493702770781
        ]
    ],
    "insertion": [
        0.1780271858646336,
        [
            0.2946362157136215,
            0.11981024663302357,
            0.06387533663199378
        ]
    ]
}