{
    "hparams": {
        "loss": "margin",
        "input_dropout": 0.5,
        "hidden_state": 500,
        "hidden_layers": 2,
        "hidden_dropout": 0.30000000000000004,
        "num_epochs": 50,
        "margin": 4.0,
        "lr": 0.001,
        "l2_reg_lambda": 0.1,
        "use_bn": false,
        "task": "discrimination",
        "bidirectional": false,
        "dpout_model": 0.1
    },
    "discrimination": [
        0.7624288425047439,
        [
            0.668305439330544,
            0.7491620111731844,
            0.8817380352644836
        ]
    ],
    "insertion": [
        0.1818837545093526,
        [
            0.3037482566248256,
            0.11989485609182234,
            0.06310486485076776
        ]
    ]
}