{
    "hparams": {
        "loss": "margin",
        "input_dropout": 0.5,
        "hidden_state": 500,
        "hidden_layers": 2,
        "hidden_dropout": 0.30000000000000004,
        "num_epochs": 50,
        "margin": 5.0,
        "lr": 0.001,
        "l2_reg_lambda": 0.0,
        "use_bn": false,
        "task": "discrimination",
        "bidirectional": false,
        "dpout_model": 0.0
    },
    "discrimination": [
        0.9178842504743833,
        [
            0.8707112970711297,
            0.9131284916201118,
            0.9768261964735516
        ]
    ],
    "insertion": [
        0.29519292535725183,
        [
            0.4721176197117619,
            0.21971111987370187,
            0.11620360364465643
        ]
    ]
}