{
    "hparams": {
        "loss": "margin",
        "input_dropout": 0.5,
        "hidden_state": 500,
        "hidden_layers": 2,
        "hidden_dropout": 0.30000000000000004,
        "num_epochs": 50,
        "margin": 5.0,
        "lr": 0.001,
        "l2_reg_lambda": 0.0,
        "use_bn": false,
        "task": "discrimination",
        "bidirectional": false,
        "dpout_model": 0.1
    },
    "discrimination": [
        0.9239563567362429,
        [
            0.880857740585774,
            0.9206703910614525,
            0.9773299748110831
        ]
    ],
    "insertion": [
        0.3071999237751022,
        [
            0.48988510327422463,
            0.20949999852939316,
            0.13129254548392166
        ]
    ]
}