{
    "hparams": {
        "loss": "margin",
        "input_dropout": 0.5,
        "hidden_state": 500,
        "hidden_layers": 2,
        "hidden_dropout": 0.30000000000000004,
        "num_epochs": 50,
        "margin": 5.0,
        "lr": 0.001,
        "l2_reg_lambda": 0.1,
        "use_bn": false,
        "task": "discrimination",
        "bidirectional": false,
        "dpout_model": 0.0
    },
    "discrimination": [
        0.7463946869070208,
        [
            0.6292887029288703,
            0.7374301675977654,
            0.8914357682619647
        ]
    ],
    "insertion": [
        0.1692923214659192,
        [
            0.2683270239755596,
            0.12581730167237018,
            0.06965363316223447
        ]
    ]
}