{
    "hparams": {
        "loss": "margin",
        "input_dropout": 0.5,
        "hidden_state": 500,
        "hidden_layers": 2,
        "hidden_dropout": 0.30000000000000004,
        "num_epochs": 50,
        "margin": 5.0,
        "lr": 0.001,
        "l2_reg_lambda": 0.1,
        "use_bn": false,
        "task": "discrimination",
        "bidirectional": false,
        "dpout_model": 0.1
    },
    "discrimination": [
        0.6907495256166983,
        [
            0.55,
            0.714804469273743,
            0.8493702770780857
        ]
    ],
    "insertion": [
        0.13907528938448444,
        [
            0.22463887228531584,
            0.10308457493217162,
            0.05228170061966479
        ]
    ]
}