{
    "hparams": {
        "loss": "margin",
        "input_dropout": 0.5,
        "hidden_state": 500,
        "hidden_layers": 2,
        "hidden_dropout": 0.30000000000000004,
        "num_epochs": 50,
        "margin": 6.0,
        "lr": 0.001,
        "l2_reg_lambda": 0.0,
        "use_bn": false,
        "task": "discrimination",
        "bidirectional": false,
        "dpout_model": 0.1
    },
    "discrimination": [
        0.9259487666034155,
        [
            0.882949790794979,
            0.9243016759776537,
            0.978463476070529
        ]
    ],
    "insertion": [
        0.29740065442642755,
        [
            0.47335375572823246,
            0.2136793624764292,
            0.12329619305813283
        ]
    ]
}