{
    "hparams": {
        "loss": "margin",
        "input_dropout": 0.5,
        "hidden_state": 500,
        "hidden_layers": 2,
        "hidden_dropout": 0.30000000000000004,
        "num_epochs": 50,
        "margin": 6.0,
        "lr": 0.001,
        "l2_reg_lambda": 0.1,
        "use_bn": false,
        "task": "discrimination",
        "bidirectional": false,
        "dpout_model": 0.05
    },
    "discrimination": [
        0.7636148007590133,
        [
            0.6688284518828452,
            0.7567039106145251,
            0.8808564231738035
        ]
    ],
    "insertion": [
        0.18342800415021984,
        [
            0.3027952115295211,
            0.12440094271821962,
            0.06632049500417972
        ]
    ]
}