{
    "hparams": {
        "loss": "margin",
        "input_dropout": 0.5,
        "hidden_state": 500,
        "hidden_layers": 2,
        "hidden_dropout": 0.30000000000000004,
        "num_epochs": 50,
        "margin": 6.0,
        "lr": 0.001,
        "l2_reg_lambda": 0.1,
        "use_bn": false,
        "task": "discrimination",
        "bidirectional": false,
        "dpout_model": 0.1
    },
    "discrimination": [
        0.7540322580645161,
        [
            0.6707112970711298,
            0.7371508379888269,
            0.8619647355163728
        ]
    ],
    "insertion": [
        0.18170914850702669,
        [
            0.3070698014212659,
            0.11431821237263398,
            0.06115646708397874
        ]
    ]
}