{
    "hparams": {
        "loss": "margin",
        "input_dropout": 0.5,
        "hidden_state": 500,
        "hidden_layers": 2,
        "hidden_dropout": 0.4000000000000001,
        "num_epochs": 50,
        "margin": 4.0,
        "lr": 0.001,
        "l2_reg_lambda": 0.0,
        "use_bn": false,
        "task": "discrimination",
        "bidirectional": false,
        "dpout_model": 0.0
    },
    "discrimination": [
        0.9226280834914611,
        [
            0.8838912133891214,
            0.9081005586592179,
            0.9758186397984887
        ]
    ],
    "insertion": [
        0.3042045002793125,
        [
            0.4939695822541011,
            0.19827239640919006,
            0.12348444337453415
        ]
    ]
}