{
    "hparams": {
        "loss": "margin",
        "input_dropout": 0.5,
        "hidden_state": 500,
        "hidden_layers": 2,
        "hidden_dropout": 0.4000000000000001,
        "num_epochs": 50,
        "margin": 4.0,
        "lr": 0.001,
        "l2_reg_lambda": 0.0,
        "use_bn": false,
        "task": "discrimination",
        "bidirectional": false,
        "dpout_model": 0.05
    },
    "discrimination": [
        0.915796963946869,
        [
            0.869979079497908,
            0.9072625698324023,
            0.9748110831234257
        ]
    ],
    "insertion": [
        0.29404043781533973,
        [
            0.47476256890482826,
            0.19331059099120404,
            0.12186276507162369
        ]
    ]
}