{
    "hparams": {
        "loss": "margin",
        "input_dropout": 0.5,
        "hidden_state": 500,
        "hidden_layers": 2,
        "hidden_dropout": 0.4000000000000001,
        "num_epochs": 50,
        "margin": 4.0,
        "lr": 0.001,
        "l2_reg_lambda": 0.0,
        "use_bn": false,
        "task": "discrimination",
        "bidirectional": false,
        "dpout_model": 0.1
    },
    "discrimination": [
        0.9231024667931689,
        [
            0.8780334728033473,
            0.923463687150838,
            0.9772040302267002
        ]
    ],
    "insertion": [
        0.2965297567006968,
        [
            0.4735911868234041,
            0.20584389805596373,
            0.12423102898974751
        ]
    ]
}