{
    "hparams": {
        "loss": "margin",
        "input_dropout": 0.5,
        "hidden_state": 500,
        "hidden_layers": 2,
        "hidden_dropout": 0.4000000000000001,
        "num_epochs": 50,
        "margin": 4.0,
        "lr": 0.001,
        "l2_reg_lambda": 0.1,
        "use_bn": false,
        "task": "discrimination",
        "bidirectional": false,
        "dpout_model": 0.05
    },
    "discrimination": [
        0.758965844402277,
        [
            0.6663179916317992,
            0.7455307262569832,
            0.8765743073047859
        ]
    ],
    "insertion": [
        0.18165797162086134,
        [
            0.3026399681211396,
            0.1141950629551594,
            0.0664097759635003
        ]
    ]
}