{
    "hparams": {
        "loss": "margin",
        "input_dropout": 0.5,
        "hidden_state": 500,
        "hidden_layers": 2,
        "hidden_dropout": 0.4000000000000001,
        "num_epochs": 50,
        "margin": 4.0,
        "lr": 0.001,
        "l2_reg_lambda": 0.1,
        "use_bn": false,
        "task": "discrimination",
        "bidirectional": false,
        "dpout_model": 0.1
    },
    "discrimination": [
        0.7596774193548387,
        [
            0.6591004184100419,
            0.7460893854748604,
            0.8869017632241813
        ]
    ],
    "insertion": [
        0.17240724030095242,
        [
            0.28271152952115297,
            0.1183541265020328,
            0.06396909703332206
        ]
    ]
}