{
    "hparams": {
        "loss": "margin",
        "input_dropout": 0.5,
        "hidden_state": 500,
        "hidden_layers": 2,
        "hidden_dropout": 0.4000000000000001,
        "num_epochs": 50,
        "margin": 5.0,
        "lr": 0.001,
        "l2_reg_lambda": 0.0,
        "use_bn": false,
        "task": "discrimination",
        "bidirectional": false,
        "dpout_model": 0.0
    },
    "discrimination": [
        0.9193074003795066,
        [
            0.873744769874477,
            0.9217877094972067,
            0.9730478589420655
        ]
    ],
    "insertion": [
        0.29635391914539305,
        [
            0.4749709437470939,
            0.2089538682448208,
            0.12070069836854021
        ]
    ]
}