{
    "hparams": {
        "loss": "margin",
        "input_dropout": 0.5,
        "hidden_state": 500,
        "hidden_layers": 2,
        "hidden_dropout": 0.4000000000000001,
        "num_epochs": 50,
        "margin": 5.0,
        "lr": 0.001,
        "l2_reg_lambda": 0.0,
        "use_bn": false,
        "task": "discrimination",
        "bidirectional": false,
        "dpout_model": 0.05
    },
    "discrimination": [
        0.9157495256166983,
        [
            0.8686192468619247,
            0.9145251396648044,
            0.9730478589420655
        ]
    ],
    "insertion": [
        0.2919915743615209,
        [
            0.46337666865909544,
            0.21821609599598776,
            0.11890274703958091
        ]
    ]
}