{
    "hparams": {
        "loss": "margin",
        "input_dropout": 0.5,
        "hidden_state": 500,
        "hidden_layers": 2,
        "hidden_dropout": 0.4000000000000001,
        "num_epochs": 50,
        "margin": 5.0,
        "lr": 0.001,
        "l2_reg_lambda": 0.0,
        "use_bn": false,
        "task": "discrimination",
        "bidirectional": false,
        "dpout_model": 0.1
    },
    "discrimination": [
        0.917314990512334,
        [
            0.8697698744769874,
            0.9142458100558659,
            0.9759445843828716
        ]
    ],
    "insertion": [
        0.29282299116582383,
        [
            0.4701202098691635,
            0.20022477853652085,
            0.12110261212413337
        ]
    ]
}