{
    "hparams": {
        "loss": "margin",
        "input_dropout": 0.5,
        "hidden_state": 500,
        "hidden_layers": 2,
        "hidden_dropout": 0.4000000000000001,
        "num_epochs": 50,
        "margin": 5.0,
        "lr": 0.001,
        "l2_reg_lambda": 0.1,
        "use_bn": false,
        "task": "discrimination",
        "bidirectional": false,
        "dpout_model": 0.05
    },
    "discrimination": [
        0.7607685009487666,
        [
            0.6706066945606695,
            0.7421787709497206,
            0.8777078085642317
        ]
    ],
    "insertion": [
        0.1744729643401267,
        [
            0.29453327356047,
            0.10837746035071205,
            0.0597179704025477
        ]
    ]
}