{
    "hparams": {
        "loss": "margin",
        "input_dropout": 0.5,
        "hidden_state": 500,
        "hidden_layers": 2,
        "hidden_dropout": 0.4000000000000001,
        "num_epochs": 50,
        "margin": 6.0,
        "lr": 0.001,
        "l2_reg_lambda": 0.0,
        "use_bn": false,
        "task": "discrimination",
        "bidirectional": false,
        "dpout_model": 0.05
    },
    "discrimination": [
        0.9211100569259962,
        [
            0.8777196652719665,
            0.9145251396648044,
            0.9763224181360202
        ]
    ],
    "insertion": [
        0.30067410183821375,
        [
            0.4857773792920234,
            0.1987082239931748,
            0.12377870010355621
        ]
    ]
}