{
    "hparams": {
        "loss": "margin",
        "input_dropout": 0.5,
        "hidden_state": 500,
        "hidden_layers": 2,
        "hidden_dropout": 0.4000000000000001,
        "num_epochs": 50,
        "margin": 6.0,
        "lr": 0.001,
        "l2_reg_lambda": 0.0,
        "use_bn": false,
        "task": "discrimination",
        "bidirectional": false,
        "dpout_model": 0.1
    },
    "discrimination": [
        0.923719165085389,
        [
            0.8811715481171548,
            0.9195530726256983,
            0.9768261964735516
        ]
    ],
    "insertion": [
        0.29996795915583757,
        [
            0.4848625224148234,
            0.2024372285608169,
            0.1213241292785414
        ]
    ]
}