{
    "hparams": {
        "loss": "margin",
        "input_dropout": 0.5,
        "hidden_state": 500,
        "hidden_layers": 2,
        "hidden_dropout": 0.4000000000000001,
        "num_epochs": 50,
        "margin": 6.0,
        "lr": 0.001,
        "l2_reg_lambda": 0.1,
        "use_bn": false,
        "task": "discrimination",
        "bidirectional": false,
        "dpout_model": 0.0
    },
    "discrimination": [
        0.7778937381404175,
        [
            0.6851464435146444,
            0.7620111731843575,
            0.8967254408060453
        ]
    ],
    "insertion": [
        0.18807973903479433,
        [
            0.31017549976754977,
            0.12216712291192977,
            0.0707915391751864
        ]
    ]
}