{
    "hparams": {
        "loss": "margin",
        "input_dropout": 0.6,
        "hidden_state": 500,
        "hidden_layers": 1,
        "hidden_dropout": 0.2,
        "num_epochs": 50,
        "margin": 4.0,
        "lr": 0.001,
        "l2_reg_lambda": 0.0,
        "use_bn": false,
        "task": "discrimination",
        "bidirectional": false,
        "dpout_model": 0.0
    },
    "discrimination": [
        0.9217741935483871,
        [
            0.8757322175732217,
            0.9245810055865922,
            0.9759445843828716
        ]
    ],
    "insertion": [
        0.29927731303679694,
        [
            0.4779562661884835,
            0.20778705068446846,
            0.12539372954702518
        ]
    ]
}