{
    "hparams": {
        "loss": "margin",
        "input_dropout": 0.6,
        "hidden_state": 500,
        "hidden_layers": 1,
        "hidden_dropout": 0.2,
        "num_epochs": 50,
        "margin": 4.0,
        "lr": 0.001,
        "l2_reg_lambda": 0.0,
        "use_bn": false,
        "task": "discrimination",
        "bidirectional": false,
        "dpout_model": 0.05
    },
    "discrimination": [
        0.9183586337760911,
        [
            0.8688284518828452,
            0.9217877094972067,
            0.976448362720403
        ]
    ],
    "insertion": [
        0.2967240716758394,
        [
            0.47490701999070184,
            0.21110834952330543,
            0.1207889708466187
        ]
    ]
}