{
    "hparams": {
        "loss": "margin",
        "input_dropout": 0.6,
        "hidden_state": 500,
        "hidden_layers": 1,
        "hidden_dropout": 0.2,
        "num_epochs": 50,
        "margin": 4.0,
        "lr": 0.001,
        "l2_reg_lambda": 0.0,
        "use_bn": false,
        "task": "discrimination",
        "bidirectional": false,
        "dpout_model": 0.1
    },
    "discrimination": [
        0.9252371916508539,
        [
            0.8828451882845189,
            0.9212290502793297,
            0.9780856423173804
        ]
    ],
    "insertion": [
        0.3032724104069907,
        [
            0.48607126253569743,
            0.21474090000626314,
            0.1230942971682211
        ]
    ]
}