{
    "hparams": {
        "loss": "margin",
        "input_dropout": 0.6,
        "hidden_state": 500,
        "hidden_layers": 1,
        "hidden_dropout": 0.2,
        "num_epochs": 50,
        "margin": 4.0,
        "lr": 0.001,
        "l2_reg_lambda": 0.1,
        "use_bn": false,
        "task": "discrimination",
        "bidirectional": false,
        "dpout_model": 0.0
    },
    "discrimination": [
        0.783776091081594,
        [
            0.7155857740585774,
            0.7550279329608939,
            0.8788413098236776
        ]
    ],
    "insertion": [
        0.19664303970308503,
        [
            0.33117984990369925,
            0.121731269793907,
            0.06843299319892697
        ]
    ]
}