{
    "hparams": {
        "loss": "margin",
        "input_dropout": 0.6,
        "hidden_state": 500,
        "hidden_layers": 1,
        "hidden_dropout": 0.2,
        "num_epochs": 50,
        "margin": 4.0,
        "lr": 0.001,
        "l2_reg_lambda": 0.1,
        "use_bn": false,
        "task": "discrimination",
        "bidirectional": false,
        "dpout_model": 0.05
    },
    "discrimination": [
        0.7804079696394687,
        [
            0.7114016736401674,
            0.7589385474860335,
            0.8731738035264484
        ]
    ],
    "insertion": [
        0.19685406759877097,
        [
            0.3359118682340438,
            0.11617784837036955,
            0.06579969615852768
        ]
    ]
}