{
    "hparams": {
        "loss": "margin",
        "input_dropout": 0.6,
        "hidden_state": 500,
        "hidden_layers": 1,
        "hidden_dropout": 0.2,
        "num_epochs": 50,
        "margin": 4.0,
        "lr": 0.001,
        "l2_reg_lambda": 0.1,
        "use_bn": false,
        "task": "discrimination",
        "bidirectional": false,
        "dpout_model": 0.1
    },
    "discrimination": [
        0.7816888045540797,
        [
            0.7038702928870293,
            0.7681564245810056,
            0.8814861460957178
        ]
    ],
    "insertion": [
        0.18859658034308857,
        [
            0.3154504549379024,
            0.12172944509411289,
            0.06600984269383328
        ]
    ]
}