{
    "hparams": {
        "loss": "margin",
        "input_dropout": 0.6,
        "hidden_state": 500,
        "hidden_layers": 1,
        "hidden_dropout": 0.2,
        "num_epochs": 50,
        "margin": 5.0,
        "lr": 0.001,
        "l2_reg_lambda": 0.0,
        "use_bn": false,
        "task": "discrimination",
        "bidirectional": false,
        "dpout_model": 0.0
    },
    "discrimination": [
        0.917314990512334,
        [
            0.8688284518828452,
            0.9189944134078212,
            0.9749370277078085
        ]
    ],
    "insertion": [
        0.29358625720256526,
        [
            0.46922942817294255,
            0.20723291648689884,
            0.12104170371204623
        ]
    ]
}