{
    "hparams": {
        "loss": "margin",
        "input_dropout": 0.6,
        "hidden_state": 500,
        "hidden_layers": 1,
        "hidden_dropout": 0.2,
        "num_epochs": 50,
        "margin": 5.0,
        "lr": 0.001,
        "l2_reg_lambda": 0.0,
        "use_bn": false,
        "task": "discrimination",
        "bidirectional": false,
        "dpout_model": 0.05
    },
    "discrimination": [
        0.91646110056926,
        [
            0.8658995815899582,
            0.9192737430167598,
            0.9760705289672544
        ]
    ],
    "insertion": [
        0.2928594075193776,
        [
            0.468913960284253,
            0.20709134075726077,
            0.1195556486498776
        ]
    ]
}