{
    "hparams": {
        "loss": "margin",
        "input_dropout": 0.6,
        "hidden_state": 500,
        "hidden_layers": 1,
        "hidden_dropout": 0.2,
        "num_epochs": 50,
        "margin": 6.0,
        "lr": 0.001,
        "l2_reg_lambda": 0.0,
        "use_bn": false,
        "task": "discrimination",
        "bidirectional": false,
        "dpout_model": 0.0
    },
    "discrimination": [
        0.9223434535104365,
        [
            0.877928870292887,
            0.9198324022346369,
            0.9769521410579345
        ]
    ],
    "insertion": [
        0.298304105050148,
        [
            0.4720221491665002,
            0.21832874353240347,
            0.1252017489394677
        ]
    ]
}