{
    "hparams": {
        "loss": "margin",
        "input_dropout": 0.6,
        "hidden_state": 500,
        "hidden_layers": 1,
        "hidden_dropout": 0.2,
        "num_epochs": 50,
        "margin": 6.0,
        "lr": 0.001,
        "l2_reg_lambda": 0.0,
        "use_bn": false,
        "task": "discrimination",
        "bidirectional": false,
        "dpout_model": 0.1
    },
    "discrimination": [
        0.9212049335863378,
        [
            0.8724895397489539,
            0.9195530726256983,
            0.9806045340050378
        ]
    ],
    "insertion": [
        0.29610886445783086,
        [
            0.47051869562329773,
            0.21271061393689691,
            0.12371689354134226
        ]
    ]
}