{
    "hparams": {
        "loss": "margin",
        "input_dropout": 0.6,
        "hidden_state": 500,
        "hidden_layers": 1,
        "hidden_dropout": 0.30000000000000004,
        "num_epochs": 50,
        "margin": 4.0,
        "lr": 0.001,
        "l2_reg_lambda": 0.0,
        "use_bn": false,
        "task": "discrimination",
        "bidirectional": false,
        "dpout_model": 0.05
    },
    "discrimination": [
        0.9187855787476281,
        [
            0.8684100418410042,
            0.923463687150838,
            0.9773299748110831
        ]
    ],
    "insertion": [
        0.2953725557233925,
        [
            0.47285066746363796,
            0.2018395596443575,
            0.12385585266623872
        ]
    ]
}