{
    "hparams": {
        "loss": "margin",
        "input_dropout": 0.6,
        "hidden_state": 500,
        "hidden_layers": 1,
        "hidden_dropout": 0.30000000000000004,
        "num_epochs": 50,
        "margin": 4.0,
        "lr": 0.001,
        "l2_reg_lambda": 0.0,
        "use_bn": false,
        "task": "discrimination",
        "bidirectional": false,
        "dpout_model": 0.1
    },
    "discrimination": [
        0.92073055028463,
        [
            0.8751046025104603,
            0.9162011173184358,
            0.9777078085642318
        ]
    ],
    "insertion": [
        0.29433377844304376,
        [
            0.4670742843859996,
            0.2021423424832025,
            0.12791641117875832
        ]
    ]
}