{
    "hparams": {
        "loss": "margin",
        "input_dropout": 0.6,
        "hidden_state": 500,
        "hidden_layers": 1,
        "hidden_dropout": 0.30000000000000004,
        "num_epochs": 50,
        "margin": 4.0,
        "lr": 0.001,
        "l2_reg_lambda": 0.1,
        "use_bn": false,
        "task": "discrimination",
        "bidirectional": false,
        "dpout_model": 0.1
    },
    "discrimination": [
        0.7652751423149905,
        [
            0.6998953974895398,
            0.738268156424581,
            0.8561712846347607
        ]
    ],
    "insertion": [
        0.19204260228220132,
        [
            0.32677741249916986,
            0.12091114898615289,
            0.06188968252472446
        ]
    ]
}