{
    "hparams": {
        "loss": "margin",
        "input_dropout": 0.6,
        "hidden_state": 500,
        "hidden_layers": 1,
        "hidden_dropout": 0.30000000000000004,
        "num_epochs": 50,
        "margin": 5.0,
        "lr": 0.001,
        "l2_reg_lambda": 0.0,
        "use_bn": false,
        "task": "discrimination",
        "bidirectional": false,
        "dpout_model": 0.0
    },
    "discrimination": [
        0.9230075901328273,
        [
            0.8775104602510461,
            0.923463687150838,
            0.9775818639798489
        ]
    ],
    "insertion": [
        0.30406566329113777,
        [
            0.4828260941754661,
            0.22006247802812834,
            0.12670819276058298
        ]
    ]
}