{
    "hparams": {
        "loss": "margin",
        "input_dropout": 0.6,
        "hidden_state": 500,
        "hidden_layers": 1,
        "hidden_dropout": 0.30000000000000004,
        "num_epochs": 50,
        "margin": 5.0,
        "lr": 0.001,
        "l2_reg_lambda": 0.0,
        "use_bn": false,
        "task": "discrimination",
        "bidirectional": false,
        "dpout_model": 0.1
    },
    "discrimination": [
        0.9155597722960152,
        [
            0.8635983263598327,
            0.9231843575418994,
            0.9746851385390428
        ]
    ],
    "insertion": [
        0.28944766338816863,
        [
            0.46103307431759294,
            0.20679837081241512,
            0.12011868844306807
        ]
    ]
}