{
    "hparams": {
        "loss": "margin",
        "input_dropout": 0.6,
        "hidden_state": 500,
        "hidden_layers": 1,
        "hidden_dropout": 0.30000000000000004,
        "num_epochs": 50,
        "margin": 5.0,
        "lr": 0.001,
        "l2_reg_lambda": 0.1,
        "use_bn": false,
        "task": "discrimination",
        "bidirectional": false,
        "dpout_model": 0.0
    },
    "discrimination": [
        0.7693074003795066,
        [
            0.7005230125523012,
            0.7474860335195531,
            0.8619647355163728
        ]
    ],
    "insertion": [
        0.19328455769770214,
        [
            0.32886531181510265,
            0.12001141712753345,
            0.063078743324762
        ]
    ]
}