{
    "hparams": {
        "loss": "margin",
        "input_dropout": 0.6,
        "hidden_state": 500,
        "hidden_layers": 1,
        "hidden_dropout": 0.30000000000000004,
        "num_epochs": 50,
        "margin": 6.0,
        "lr": 0.001,
        "l2_reg_lambda": 0.0,
        "use_bn": false,
        "task": "discrimination",
        "bidirectional": false,
        "dpout_model": 0.1
    },
    "discrimination": [
        0.9229601518026566,
        [
            0.8784518828451883,
            0.9206703910614525,
            0.9775818639798489
        ]
    ],
    "insertion": [
        0.30145021781064985,
        [
            0.47742246131367444,
            0.21262585691343672,
            0.1296235886070111
        ]
    ]
}