{
    "hparams": {
        "loss": "margin",
        "input_dropout": 0.6,
        "hidden_state": 500,
        "hidden_layers": 1,
        "hidden_dropout": 0.30000000000000004,
        "num_epochs": 50,
        "margin": 6.0,
        "lr": 0.001,
        "l2_reg_lambda": 0.1,
        "use_bn": false,
        "task": "discrimination",
        "bidirectional": false,
        "dpout_model": 0.0
    },
    "discrimination": [
        0.7752371916508539,
        [
            0.6889121338912134,
            0.755586592178771,
            0.8880352644836272
        ]
    ],
    "insertion": [
        0.17982526848276587,
        [
            0.3025245732881715,
            0.11178658600913295,
            0.06276898754018748
        ]
    ]
}