{
    "hparams": {
        "loss": "margin",
        "input_dropout": 0.6,
        "hidden_state": 500,
        "hidden_layers": 1,
        "hidden_dropout": 0.30000000000000004,
        "num_epochs": 50,
        "margin": 6.0,
        "lr": 0.001,
        "l2_reg_lambda": 0.1,
        "use_bn": false,
        "task": "discrimination",
        "bidirectional": false,
        "dpout_model": 0.05
    },
    "discrimination": [
        0.7806925996204933,
        [
            0.6898535564853556,
            0.7656424581005586,
            0.8968513853904282
        ]
    ],
    "insertion": [
        0.19295927267185514,
        [
            0.3150229129308627,
            0.13075208029503474,
            0.07403903940144008
        ]
    ]
}