{
    "hparams": {
        "loss": "margin",
        "input_dropout": 0.6,
        "hidden_state": 500,
        "hidden_layers": 1,
        "hidden_dropout": 0.4000000000000001,
        "num_epochs": 50,
        "margin": 4.0,
        "lr": 0.001,
        "l2_reg_lambda": 0.0,
        "use_bn": false,
        "task": "discrimination",
        "bidirectional": false,
        "dpout_model": 0.05
    },
    "discrimination": [
        0.919022770398482,
        [
            0.8714435146443514,
            0.9201117318435754,
            0.9758186397984887
        ]
    ],
    "insertion": [
        0.2931053661239258,
        [
            0.46669655309822666,
            0.2098801985556746,
            0.12162102763778265
        ]
    ]
}