{
    "hparams": {
        "loss": "margin",
        "input_dropout": 0.6,
        "hidden_state": 500,
        "hidden_layers": 1,
        "hidden_dropout": 0.4000000000000001,
        "num_epochs": 50,
        "margin": 4.0,
        "lr": 0.001,
        "l2_reg_lambda": 0.0,
        "use_bn": false,
        "task": "discrimination",
        "bidirectional": false,
        "dpout_model": 0.1
    },
    "discrimination": [
        0.9199240986717268,
        [
            0.874581589958159,
            0.9187150837988827,
            0.9750629722921914
        ]
    ],
    "insertion": [
        0.3006825890431153,
        [
            0.47887776449491914,
            0.21203126362465313,
            0.12610146406564038
        ]
    ]
}