{
    "hparams": {
        "loss": "margin",
        "input_dropout": 0.6,
        "hidden_state": 500,
        "hidden_layers": 1,
        "hidden_dropout": 0.4000000000000001,
        "num_epochs": 50,
        "margin": 4.0,
        "lr": 0.001,
        "l2_reg_lambda": 0.1,
        "use_bn": false,
        "task": "discrimination",
        "bidirectional": false,
        "dpout_model": 0.0
    },
    "discrimination": [
        0.789943074003795,
        [
            0.7135983263598327,
            0.7729050279329609,
            0.8895465994962216
        ]
    ],
    "insertion": [
        0.2051814553208417,
        [
            0.3454008102543669,
            0.12319461946539617,
            0.07331947033318352
        ]
    ]
}