{
    "hparams": {
        "loss": "margin",
        "input_dropout": 0.6,
        "hidden_state": 500,
        "hidden_layers": 1,
        "hidden_dropout": 0.4000000000000001,
        "num_epochs": 50,
        "margin": 4.0,
        "lr": 0.001,
        "l2_reg_lambda": 0.1,
        "use_bn": false,
        "task": "discrimination",
        "bidirectional": false,
        "dpout_model": 0.1
    },
    "discrimination": [
        0.7870018975332068,
        [
            0.718723849372385,
            0.7578212290502794,
            0.882367758186398
        ]
    ],
    "insertion": [
        0.2029737068474963,
        [
            0.34779670585109906,
            0.11685456966062142,
            0.0674319739324547
        ]
    ]
}