{
    "hparams": {
        "loss": "margin",
        "input_dropout": 0.6,
        "hidden_state": 500,
        "hidden_layers": 1,
        "hidden_dropout": 0.4000000000000001,
        "num_epochs": 50,
        "margin": 5.0,
        "lr": 0.001,
        "l2_reg_lambda": 0.0,
        "use_bn": false,
        "task": "discrimination",
        "bidirectional": false,
        "dpout_model": 0.05
    },
    "discrimination": [
        0.9235768500948767,
        [
            0.8764644351464436,
            0.926536312849162,
            0.9789672544080604
        ]
    ],
    "insertion": [
        0.297796491842005,
        [
            0.4729951185495114,
            0.2115503911418176,
            0.125738830530029
        ]
    ]
}