{
    "hparams": {
        "loss": "margin",
        "input_dropout": 0.6,
        "hidden_state": 500,
        "hidden_layers": 1,
        "hidden_dropout": 0.4000000000000001,
        "num_epochs": 50,
        "margin": 5.0,
        "lr": 0.001,
        "l2_reg_lambda": 0.1,
        "use_bn": false,
        "task": "discrimination",
        "bidirectional": false,
        "dpout_model": 0.0
    },
    "discrimination": [
        0.7762333965844402,
        [
            0.6891213389121339,
            0.7681564245810056,
            0.8847607052896725
        ]
    ],
    "insertion": [
        0.1953437269079768,
        [
            0.3239008434615128,
            0.13291297839246538,
            0.0687059492547937
        ]
    ]
}