{
    "hparams": {
        "loss": "margin",
        "input_dropout": 0.6,
        "hidden_state": 500,
        "hidden_layers": 1,
        "hidden_dropout": 0.4000000000000001,
        "num_epochs": 50,
        "margin": 5.0,
        "lr": 0.001,
        "l2_reg_lambda": 0.1,
        "use_bn": false,
        "task": "discrimination",
        "bidirectional": false,
        "dpout_model": 0.05
    },
    "discrimination": [
        0.7815464895635673,
        [
            0.7165271966527197,
            0.7614525139664804,
            0.8688916876574307
        ]
    ],
    "insertion": [
        0.1953026625656543,
        [
            0.32843195855748136,
            0.12101309464087712,
            0.06850676627961333
        ]
    ]
}