{
    "hparams": {
        "loss": "margin",
        "input_dropout": 0.6,
        "hidden_state": 500,
        "hidden_layers": 1,
        "hidden_dropout": 0.4000000000000001,
        "num_epochs": 50,
        "margin": 5.0,
        "lr": 0.001,
        "l2_reg_lambda": 0.1,
        "use_bn": false,
        "task": "discrimination",
        "bidirectional": false,
        "dpout_model": 0.1
    },
    "discrimination": [
        0.7696394686907021,
        [
            0.6980125523012553,
            0.75,
            0.864735516372796
        ]
    ],
    "insertion": [
        0.19109578887694584,
        [
            0.3199981736069603,
            0.12394281307187541,
            0.06617146335593997
        ]
    ]
}