{
    "hparams": {
        "loss": "margin",
        "input_dropout": 0.6,
        "hidden_state": 500,
        "hidden_layers": 1,
        "hidden_dropout": 0.4000000000000001,
        "num_epochs": 50,
        "margin": 6.0,
        "lr": 0.001,
        "l2_reg_lambda": 0.0,
        "use_bn": false,
        "task": "discrimination",
        "bidirectional": false,
        "dpout_model": 0.0
    },
    "discrimination": [
        0.9180265654648956,
        [
            0.8687238493723849,
            0.9203910614525139,
            0.9763224181360202
        ]
    ],
    "insertion": [
        0.2934261966281473,
        [
            0.46712326492661194,
            0.2070271529373091,
            0.12324541620999598
        ]
    ]
}