{
    "hparams": {
        "loss": "margin",
        "input_dropout": 0.6,
        "hidden_state": 500,
        "hidden_layers": 1,
        "hidden_dropout": 0.4000000000000001,
        "num_epochs": 50,
        "margin": 6.0,
        "lr": 0.001,
        "l2_reg_lambda": 0.0,
        "use_bn": false,
        "task": "discrimination",
        "bidirectional": false,
        "dpout_model": 0.05
    },
    "discrimination": [
        0.9184060721062619,
        [
            0.8700836820083682,
            0.9170391061452514,
            0.9772040302267002
        ]
    ],
    "insertion": [
        0.2918378096642265,
        [
            0.4663063691306368,
            0.20462271428098955,
            0.12109607326285447
        ]
    ]
}