{
    "hparams": {
        "loss": "margin",
        "input_dropout": 0.6,
        "hidden_state": 500,
        "hidden_layers": 1,
        "hidden_dropout": 0.4000000000000001,
        "num_epochs": 50,
        "margin": 6.0,
        "lr": 0.001,
        "l2_reg_lambda": 0.0,
        "use_bn": false,
        "task": "discrimination",
        "bidirectional": false,
        "dpout_model": 0.1
    },
    "discrimination": [
        0.9219639468690702,
        [
            0.875836820083682,
            0.9243016759776537,
            0.976448362720403
        ]
    ],
    "insertion": [
        0.29848828015745954,
        [
            0.47417812313209795,
            0.21109485708803377,
            0.12635648617143963
        ]
    ]
}