{
    "hparams": {
        "loss": "margin",
        "input_dropout": 0.6,
        "hidden_state": 500,
        "hidden_layers": 1,
        "hidden_dropout": 0.4000000000000001,
        "num_epochs": 50,
        "margin": 6.0,
        "lr": 0.001,
        "l2_reg_lambda": 0.1,
        "use_bn": false,
        "task": "discrimination",
        "bidirectional": false,
        "dpout_model": 0.0
    },
    "discrimination": [
        0.7867647058823529,
        [
            0.7112970711297071,
            0.7748603351955308,
            0.8829974811083123
        ]
    ],
    "insertion": [
        0.19970438491713033,
        [
            0.337747393239025,
            0.12565774618825623,
            0.06688269815290565
        ]
    ]
}