{
    "hparams": {
        "loss": "margin",
        "input_dropout": 0.6,
        "hidden_state": 500,
        "hidden_layers": 1,
        "hidden_dropout": 0.4000000000000001,
        "num_epochs": 50,
        "margin": 6.0,
        "lr": 0.001,
        "l2_reg_lambda": 0.1,
        "use_bn": false,
        "task": "discrimination",
        "bidirectional": false,
        "dpout_model": 0.05
    },
    "discrimination": [
        0.7827798861480076,
        [
            0.7056485355648535,
            0.7611731843575419,
            0.8853904282115869
        ]
    ],
    "insertion": [
        0.19473354664684372,
        [
            0.3250938101879523,
            0.12491331110098078,
            0.06925650934220778
        ]
    ]
}