{
    "hparams": {
        "loss": "margin",
        "input_dropout": 0.6,
        "hidden_state": 500,
        "hidden_layers": 1,
        "hidden_dropout": 0.4000000000000001,
        "num_epochs": 50,
        "margin": 6.0,
        "lr": 0.001,
        "l2_reg_lambda": 0.1,
        "use_bn": false,
        "task": "discrimination",
        "bidirectional": false,
        "dpout_model": 0.1
    },
    "discrimination": [
        0.7905597722960152,
        [
            0.7145397489539749,
            0.7670391061452514,
            0.8926952141057934
        ]
    ],
    "insertion": [
        0.20263975663542436,
        [
            0.34042056850634256,
            0.12342504260819802,
            0.07246395244543598
        ]
    ]
}