{
    "hparams": {
        "loss": "margin",
        "input_dropout": 0.6,
        "hidden_state": 500,
        "hidden_layers": 2,
        "hidden_dropout": 0.2,
        "num_epochs": 50,
        "margin": 4.0,
        "lr": 0.001,
        "l2_reg_lambda": 0.0,
        "use_bn": false,
        "task": "discrimination",
        "bidirectional": false,
        "dpout_model": 0.1
    },
    "discrimination": [
        0.9202087286527514,
        [
            0.8719665271966527,
            0.9243016759776537,
            0.976448362720403
        ]
    ],
    "insertion": [
        0.2953655683559723,
        [
            0.4746870226472736,
            0.2065890748062514,
            0.11948480562085387
        ]
    ]
}