{
    "hparams": {
        "loss": "margin",
        "input_dropout": 0.6,
        "hidden_state": 500,
        "hidden_layers": 2,
        "hidden_dropout": 0.2,
        "num_epochs": 50,
        "margin": 4.0,
        "lr": 0.001,
        "l2_reg_lambda": 0.1,
        "use_bn": false,
        "task": "discrimination",
        "bidirectional": false,
        "dpout_model": 0.0
    },
    "discrimination": [
        0.7558349146110057,
        [
            0.6806485355648536,
            0.735195530726257,
            0.8556675062972292
        ]
    ],
    "insertion": [
        0.17922882020782802,
        [
            0.3087534037324832,
            0.1026901538146068,
            0.05778718383402803
        ]
    ]
}