{
    "hparams": {
        "loss": "margin",
        "input_dropout": 0.6,
        "hidden_state": 500,
        "hidden_layers": 2,
        "hidden_dropout": 0.2,
        "num_epochs": 50,
        "margin": 4.0,
        "lr": 0.001,
        "l2_reg_lambda": 0.1,
        "use_bn": false,
        "task": "discrimination",
        "bidirectional": false,
        "dpout_model": 0.05
    },
    "discrimination": [
        0.7485768500948766,
        [
            0.6887029288702929,
            0.7284916201117319,
            0.8297229219143577
        ]
    ],
    "insertion": [
        0.1791141476898678,
        [
            0.3123090589094774,
            0.10847630217992735,
            0.0505927541969357
        ]
    ]
}