{
    "hparams": {
        "loss": "margin",
        "input_dropout": 0.6,
        "hidden_state": 500,
        "hidden_layers": 2,
        "hidden_dropout": 0.2,
        "num_epochs": 50,
        "margin": 4.0,
        "lr": 0.001,
        "l2_reg_lambda": 0.1,
        "use_bn": false,
        "task": "discrimination",
        "bidirectional": false,
        "dpout_model": 0.1
    },
    "discrimination": [
        0.6620967741935484,
        [
            0.5540794979079497,
            0.6885474860335196,
            0.7802267002518891
        ]
    ],
    "insertion": [
        0.13889089874818317,
        [
            0.23249817360696023,
            0.10262720345957108,
            0.04253554377127166
        ]
    ]
}