{
    "hparams": {
        "loss": "margin",
        "input_dropout": 0.6,
        "hidden_state": 500,
        "hidden_layers": 2,
        "hidden_dropout": 0.2,
        "num_epochs": 50,
        "margin": 5.0,
        "lr": 0.001,
        "l2_reg_lambda": 0.0,
        "use_bn": false,
        "task": "discrimination",
        "bidirectional": false,
        "dpout_model": 0.05
    },
    "discrimination": [
        0.9192125237191651,
        [
            0.8717573221757322,
            0.9162011173184358,
            0.9777078085642318
        ]
    ],
    "insertion": [
        0.30288945757109126,
        [
            0.48644318257288965,
            0.2119773328325744,
            0.12287582980619174
        ]
    ]
}