{
    "hparams": {
        "loss": "margin",
        "input_dropout": 0.6,
        "hidden_state": 500,
        "hidden_layers": 2,
        "hidden_dropout": 0.2,
        "num_epochs": 50,
        "margin": 5.0,
        "lr": 0.001,
        "l2_reg_lambda": 0.0,
        "use_bn": false,
        "task": "discrimination",
        "bidirectional": false,
        "dpout_model": 0.1
    },
    "discrimination": [
        0.9208728652751423,
        [
            0.8705020920502092,
            0.9337988826815642,
            0.9756926952141058
        ]
    ],
    "insertion": [
        0.30187154061252536,
        [
            0.48568605964003425,
            0.2205991518873111,
            0.11719752924392113
        ]
    ]
}