{
    "hparams": {
        "loss": "margin",
        "input_dropout": 0.6,
        "hidden_state": 500,
        "hidden_layers": 2,
        "hidden_dropout": 0.2,
        "num_epochs": 50,
        "margin": 5.0,
        "lr": 0.001,
        "l2_reg_lambda": 0.1,
        "use_bn": false,
        "task": "discrimination",
        "bidirectional": false,
        "dpout_model": 0.0
    },
    "discrimination": [
        0.7584440227703985,
        [
            0.6643305439330544,
            0.7472067039106145,
            0.8768261964735516
        ]
    ],
    "insertion": [
        0.18042416540526657,
        [
            0.3016155276615528,
            0.12352028744979782,
            0.0601630142604909
        ]
    ]
}