{
    "hparams": {
        "loss": "margin",
        "input_dropout": 0.6,
        "hidden_state": 500,
        "hidden_layers": 2,
        "hidden_dropout": 0.2,
        "num_epochs": 50,
        "margin": 5.0,
        "lr": 0.001,
        "l2_reg_lambda": 0.1,
        "use_bn": false,
        "task": "discrimination",
        "bidirectional": false,
        "dpout_model": 0.1
    },
    "discrimination": [
        0.7536527514231499,
        [
            0.6692468619246862,
            0.7391061452513966,
            0.8618387909319899
        ]
    ],
    "insertion": [
        0.18359495658650576,
        [
            0.3093992827256426,
            0.11759686274448367,
            0.06188007221173132
        ]
    ]
}