{
    "hparams": {
        "loss": "margin",
        "input_dropout": 0.6,
        "hidden_state": 500,
        "hidden_layers": 2,
        "hidden_dropout": 0.2,
        "num_epochs": 50,
        "margin": 6.0,
        "lr": 0.001,
        "l2_reg_lambda": 0.0,
        "use_bn": false,
        "task": "discrimination",
        "bidirectional": false,
        "dpout_model": 0.0
    },
    "discrimination": [
        0.9229601518026566,
        [
            0.8785564853556486,
            0.9262569832402234,
            0.9749370277078085
        ]
    ],
    "insertion": [
        0.30361424775669094,
        [
            0.4871073254964464,
            0.21311138395862625,
            0.12348911289586088
        ]
    ]
}