{
    "hparams": {
        "loss": "margin",
        "input_dropout": 0.6,
        "hidden_state": 500,
        "hidden_layers": 2,
        "hidden_dropout": 0.2,
        "num_epochs": 50,
        "margin": 6.0,
        "lr": 0.001,
        "l2_reg_lambda": 0.0,
        "use_bn": false,
        "task": "discrimination",
        "bidirectional": false,
        "dpout_model": 0.1
    },
    "discrimination": [
        0.9215370018975332,
        [
            0.8751046025104603,
            0.9243016759776537,
            0.9761964735516373
        ]
    ],
    "insertion": [
        0.295717441794669,
        [
            0.4717108321710832,
            0.20594873047287565,
            0.12429114135808207
        ]
    ]
}