{
    "hparams": {
        "loss": "margin",
        "input_dropout": 0.6,
        "hidden_state": 500,
        "hidden_layers": 2,
        "hidden_dropout": 0.2,
        "num_epochs": 50,
        "margin": 6.0,
        "lr": 0.001,
        "l2_reg_lambda": 0.1,
        "use_bn": false,
        "task": "discrimination",
        "bidirectional": false,
        "dpout_model": 0.1
    },
    "discrimination": [
        0.7191176470588235,
        [
            0.5910041841004184,
            0.7270949720670391,
            0.8697732997481108
        ]
    ],
    "insertion": [
        0.14754755698812413,
        [
            0.23161154280401144,
            0.1117389395181826,
            0.0624774242604803
        ]
    ]
}