{
    "hparams": {
        "loss": "margin",
        "input_dropout": 0.6,
        "hidden_state": 500,
        "hidden_layers": 2,
        "hidden_dropout": 0.30000000000000004,
        "num_epochs": 50,
        "margin": 4.0,
        "lr": 0.001,
        "l2_reg_lambda": 0.0,
        "use_bn": false,
        "task": "discrimination",
        "bidirectional": false,
        "dpout_model": 0.0
    },
    "discrimination": [
        0.9170777988614801,
        [
            0.8684100418410042,
            0.9206703910614525,
            0.9740554156171285
        ]
    ],
    "insertion": [
        0.300649542831936,
        [
            0.4817676163910474,
            0.21837254602271813,
            0.11967509262436615
        ]
    ]
}