{
    "hparams": {
        "loss": "margin",
        "input_dropout": 0.6,
        "hidden_state": 500,
        "hidden_layers": 2,
        "hidden_dropout": 0.30000000000000004,
        "num_epochs": 50,
        "margin": 4.0,
        "lr": 0.001,
        "l2_reg_lambda": 0.0,
        "use_bn": false,
        "task": "discrimination",
        "bidirectional": false,
        "dpout_model": 0.05
    },
    "discrimination": [
        0.9176470588235294,
        [
            0.8716527196652719,
            0.911731843575419,
            0.9756926952141058
        ]
    ],
    "insertion": [
        0.29110443304671013,
        [
            0.4668235704323568,
            0.20281991393213006,
            0.1193391465257296
        ]
    ]
}