{
    "hparams": {
        "loss": "margin",
        "input_dropout": 0.6,
        "hidden_state": 500,
        "hidden_layers": 2,
        "hidden_dropout": 0.30000000000000004,
        "num_epochs": 50,
        "margin": 4.0,
        "lr": 0.001,
        "l2_reg_lambda": 0.0,
        "use_bn": false,
        "task": "discrimination",
        "bidirectional": false,
        "dpout_model": 0.1
    },
    "discrimination": [
        0.9195445920303605,
        [
            0.8763598326359833,
            0.9167597765363128,
            0.9727959697732997
        ]
    ],
    "insertion": [
        0.2975093513980043,
        [
            0.47916002523743084,
            0.20312750940918267,
            0.1213514864628738
        ]
    ]
}