{
    "hparams": {
        "loss": "margin",
        "input_dropout": 0.6,
        "hidden_state": 500,
        "hidden_layers": 2,
        "hidden_dropout": 0.30000000000000004,
        "num_epochs": 50,
        "margin": 4.0,
        "lr": 0.001,
        "l2_reg_lambda": 0.1,
        "use_bn": false,
        "task": "discrimination",
        "bidirectional": false,
        "dpout_model": 0.0
    },
    "discrimination": [
        0.7423624288425047,
        [
            0.6394351464435146,
            0.7388268156424581,
            0.8678841309823677
        ]
    ],
    "insertion": [
        0.16853539784258917,
        [
            0.2787623696619513,
            0.11463581294491748,
            0.06012112370412099
        ]
    ]
}