{
    "hparams": {
        "loss": "margin",
        "input_dropout": 0.6,
        "hidden_state": 500,
        "hidden_layers": 2,
        "hidden_dropout": 0.30000000000000004,
        "num_epochs": 50,
        "margin": 5.0,
        "lr": 0.001,
        "l2_reg_lambda": 0.0,
        "use_bn": false,
        "task": "discrimination",
        "bidirectional": false,
        "dpout_model": 0.1
    },
    "discrimination": [
        0.9193074003795066,
        [
            0.8742677824267783,
            0.9173184357541899,
            0.9744332493702771
        ]
    ],
    "insertion": [
        0.30356359629480956,
        [
            0.4904969449425514,
            0.21378655048034298,
            0.11896901329019718
        ]
    ]
}