{
    "hparams": {
        "loss": "margin",
        "input_dropout": 0.6,
        "hidden_state": 500,
        "hidden_layers": 2,
        "hidden_dropout": 0.30000000000000004,
        "num_epochs": 50,
        "margin": 5.0,
        "lr": 0.001,
        "l2_reg_lambda": 0.1,
        "use_bn": false,
        "task": "discrimination",
        "bidirectional": false,
        "dpout_model": 0.05
    },
    "discrimination": [
        0.761337760910816,
        [
            0.6793933054393305,
            0.7418994413407821,
            0.8687657430730479
        ]
    ],
    "insertion": [
        0.18719033629308962,
        [
            0.314982234176795,
            0.12257405810794086,
            0.06245932018913616
        ]
    ]
}