{
    "hparams": {
        "loss": "margin",
        "input_dropout": 0.6,
        "hidden_state": 500,
        "hidden_layers": 2,
        "hidden_dropout": 0.30000000000000004,
        "num_epochs": 50,
        "margin": 6.0,
        "lr": 0.001,
        "l2_reg_lambda": 0.0,
        "use_bn": false,
        "task": "discrimination",
        "bidirectional": false,
        "dpout_model": 0.0
    },
    "discrimination": [
        0.9210626185958254,
        [
            0.876255230125523,
            0.9226256983240223,
            0.9743073047858942
        ]
    ],
    "insertion": [
        0.29785809079693243,
        [
            0.4769932589493259,
            0.20943051590028253,
            0.1220443011990892
        ]
    ]
}