{
    "hparams": {
        "loss": "margin",
        "input_dropout": 0.6,
        "hidden_state": 500,
        "hidden_layers": 2,
        "hidden_dropout": 0.30000000000000004,
        "num_epochs": 50,
        "margin": 6.0,
        "lr": 0.001,
        "l2_reg_lambda": 0.0,
        "use_bn": false,
        "task": "discrimination",
        "bidirectional": false,
        "dpout_model": 0.05
    },
    "discrimination": [
        0.9201612903225806,
        [
            0.8760460251046025,
            0.9181564245810055,
            0.9741813602015114
        ]
    ],
    "insertion": [
        0.30425761612544605,
        [
            0.48773743109517137,
            0.21574568283300155,
            0.12325077608468753
        ]
    ]
}