{
    "hparams": {
        "loss": "margin",
        "input_dropout": 0.6,
        "hidden_state": 500,
        "hidden_layers": 2,
        "hidden_dropout": 0.30000000000000004,
        "num_epochs": 50,
        "margin": 6.0,
        "lr": 0.001,
        "l2_reg_lambda": 0.0,
        "use_bn": false,
        "task": "discrimination",
        "bidirectional": false,
        "dpout_model": 0.1
    },
    "discrimination": [
        0.9255692599620493,
        [
            0.8866108786610879,
            0.9170391061452514,
            0.9763224181360202
        ]
    ],
    "insertion": [
        0.30544565481522046,
        [
            0.4961620840804942,
            0.2064735757849375,
            0.12044199979663052
        ]
    ]
}