{
    "hparams": {
        "loss": "margin",
        "input_dropout": 0.6,
        "hidden_state": 500,
        "hidden_layers": 2,
        "hidden_dropout": 0.4000000000000001,
        "num_epochs": 50,
        "margin": 4.0,
        "lr": 0.001,
        "l2_reg_lambda": 0.1,
        "use_bn": false,
        "task": "discrimination",
        "bidirectional": false,
        "dpout_model": 0.0
    },
    "discrimination": [
        0.7624288425047439,
        [
            0.6744769874476988,
            0.7441340782122905,
            0.8765743073047859
        ]
    ],
    "insertion": [
        0.18389747492212033,
        [
            0.3046066613535233,
            0.13113838329237776,
            0.062348070104773445
        ]
    ]
}