{
    "hparams": {
        "loss": "margin",
        "input_dropout": 0.6,
        "hidden_state": 500,
        "hidden_layers": 2,
        "hidden_dropout": 0.4000000000000001,
        "num_epochs": 50,
        "margin": 4.0,
        "lr": 0.001,
        "l2_reg_lambda": 0.1,
        "use_bn": false,
        "task": "discrimination",
        "bidirectional": false,
        "dpout_model": 0.1
    },
    "discrimination": [
        0.7470588235294118,
        [
            0.6426778242677824,
            0.7279329608938547,
            0.881360201511335
        ]
    ],
    "insertion": [
        0.1703766006908406,
        [
            0.2786967855482502,
            0.12270962513127445,
            0.06144798674454481
        ]
    ]
}