{
    "hparams": {
        "loss": "margin",
        "input_dropout": 0.6,
        "hidden_state": 500,
        "hidden_layers": 2,
        "hidden_dropout": 0.4000000000000001,
        "num_epochs": 50,
        "margin": 5.0,
        "lr": 0.001,
        "l2_reg_lambda": 0.0,
        "use_bn": false,
        "task": "discrimination",
        "bidirectional": false,
        "dpout_model": 0.0
    },
    "discrimination": [
        0.9240986717267552,
        [
            0.8859832635983264,
            0.9201117318435754,
            0.9717884130982368
        ]
    ],
    "insertion": [
        0.3069091235071027,
        [
            0.49227767815633905,
            0.21441506845043007,
            0.1254236492824413
        ]
    ]
}