{
    "hparams": {
        "loss": "margin",
        "input_dropout": 0.6,
        "hidden_state": 500,
        "hidden_layers": 2,
        "hidden_dropout": 0.4000000000000001,
        "num_epochs": 50,
        "margin": 5.0,
        "lr": 0.001,
        "l2_reg_lambda": 0.1,
        "use_bn": false,
        "task": "discrimination",
        "bidirectional": false,
        "dpout_model": 0.05
    },
    "discrimination": [
        0.7727229601518026,
        [
            0.6868200836820084,
            0.7519553072625699,
            0.8855163727959697
        ]
    ],
    "insertion": [
        0.19070669278970692,
        [
            0.3231777578534901,
            0.12031784792607733,
            0.06294456213505033
        ]
    ]
}