{
    "hparams": {
        "loss": "margin",
        "input_dropout": 0.6,
        "hidden_state": 500,
        "hidden_layers": 2,
        "hidden_dropout": 0.4000000000000001,
        "num_epochs": 50,
        "margin": 5.0,
        "lr": 0.001,
        "l2_reg_lambda": 0.1,
        "use_bn": false,
        "task": "discrimination",
        "bidirectional": false,
        "dpout_model": 0.1
    },
    "discrimination": [
        0.7450664136622391,
        [
            0.6424686192468619,
            0.7349162011173185,
            0.8731738035264484
        ]
    ],
    "insertion": [
        0.17683079189612771,
        [
            0.2924843926412965,
            0.11548367487710581,
            0.06524064779087385
        ]
    ]
}