{
    "hparams": {
        "loss": "margin",
        "input_dropout": 0.6,
        "hidden_state": 500,
        "hidden_layers": 2,
        "hidden_dropout": 0.4000000000000001,
        "num_epochs": 50,
        "margin": 6.0,
        "lr": 0.001,
        "l2_reg_lambda": 0.0,
        "use_bn": false,
        "task": "discrimination",
        "bidirectional": false,
        "dpout_model": 0.0
    },
    "discrimination": [
        0.9169829222011385,
        [
            0.8714435146443514,
            0.9181564245810055,
            0.9712846347607053
        ]
    ],
    "insertion": [
        0.2945238339962187,
        [
            0.4740992561599253,
            0.2110093979025264,
            0.11596472131742562
        ]
    ]
}