{
    "hparams": {
        "loss": "margin",
        "input_dropout": 0.6,
        "hidden_state": 500,
        "hidden_layers": 2,
        "hidden_dropout": 0.4000000000000001,
        "num_epochs": 50,
        "margin": 6.0,
        "lr": 0.001,
        "l2_reg_lambda": 0.0,
        "use_bn": false,
        "task": "discrimination",
        "bidirectional": false,
        "dpout_model": 0.1
    },
    "discrimination": [
        0.9169354838709678,
        [
            0.8695606694560669,
            0.9145251396648044,
            0.9750629722921914
        ]
    ],
    "insertion": [
        0.2956164442400711,
        [
            0.47902553629541084,
            0.19780348110359186,
            0.11888842005613506
        ]
    ]
}