{
    "hparams": {
        "loss": "margin",
        "input_dropout": 0.6,
        "hidden_state": 500,
        "hidden_layers": 2,
        "hidden_dropout": 0.4000000000000001,
        "num_epochs": 50,
        "margin": 6.0,
        "lr": 0.001,
        "l2_reg_lambda": 0.1,
        "use_bn": false,
        "task": "discrimination",
        "bidirectional": false,
        "dpout_model": 0.05
    },
    "discrimination": [
        0.7374762808349146,
        [
            0.6603556485355648,
            0.7170391061452513,
            0.8395465994962217
        ]
    ],
    "insertion": [
        0.17644657171127265,
        [
            0.30419904363419004,
            0.10592313888727574,
            0.05442645306225739
        ]
    ]
}