{
    "hparams": {
        "loss": "margin",
        "input_dropout": 0.6,
        "hidden_state": 500,
        "hidden_layers": 2,
        "hidden_dropout": 0.4000000000000001,
        "num_epochs": 50,
        "margin": 6.0,
        "lr": 0.001,
        "l2_reg_lambda": 0.1,
        "use_bn": false,
        "task": "discrimination",
        "bidirectional": false,
        "dpout_model": 0.1
    },
    "discrimination": [
        0.7620967741935484,
        [
            0.6965481171548117,
            0.7472067039106145,
            0.8477329974811083
        ]
    ],
    "insertion": [
        0.18626643423636188,
        [
            0.3220138473799562,
            0.11491299107117117,
            0.05499440109764912
        ]
    ]
}