{
    "hparams": {
        "loss": "margin",
        "input_dropout": 0.7,
        "hidden_state": 500,
        "hidden_layers": 1,
        "hidden_dropout": 0.2,
        "num_epochs": 50,
        "margin": 4.0,
        "lr": 0.001,
        "l2_reg_lambda": 0.0,
        "use_bn": false,
        "task": "discrimination",
        "bidirectional": false,
        "dpout_model": 0.05
    },
    "discrimination": [
        0.9174098671726755,
        [
            0.8658995815899582,
            0.924022346368715,
            0.976448362720403
        ]
    ],
    "insertion": [
        0.296016414346704,
        [
            0.4686400013282856,
            0.2208773823807031,
            0.12205120564322335
        ]
    ]
}