{
    "hparams": {
        "loss": "margin",
        "input_dropout": 0.7,
        "hidden_state": 500,
        "hidden_layers": 1,
        "hidden_dropout": 0.2,
        "num_epochs": 50,
        "margin": 4.0,
        "lr": 0.001,
        "l2_reg_lambda": 0.1,
        "use_bn": false,
        "task": "discrimination",
        "bidirectional": false,
        "dpout_model": 0.0
    },
    "discrimination": [
        0.7715370018975332,
        [
            0.6986401673640167,
            0.764804469273743,
            0.8623425692695215
        ]
    ],
    "insertion": [
        0.1928620291057627,
        [
            0.32607674171481693,
            0.12257513862491638,
            0.06415855497211925
        ]
    ]
}