{
    "hparams": {
        "loss": "margin",
        "input_dropout": 0.7,
        "hidden_state": 500,
        "hidden_layers": 1,
        "hidden_dropout": 0.2,
        "num_epochs": 50,
        "margin": 4.0,
        "lr": 0.001,
        "l2_reg_lambda": 0.1,
        "use_bn": false,
        "task": "discrimination",
        "bidirectional": false,
        "dpout_model": 0.1
    },
    "discrimination": [
        0.776707779886148,
        [
            0.7006276150627615,
            0.7547486033519553,
            0.8782115869017633
        ]
    ],
    "insertion": [
        0.19056292096827382,
        [
            0.3236717141528857,
            0.11275416543049761,
            0.0653784476660508
        ]
    ]
}