{
    "hparams": {
        "loss": "margin",
        "input_dropout": 0.7,
        "hidden_state": 500,
        "hidden_layers": 1,
        "hidden_dropout": 0.2,
        "num_epochs": 50,
        "margin": 5.0,
        "lr": 0.001,
        "l2_reg_lambda": 0.0,
        "use_bn": false,
        "task": "discrimination",
        "bidirectional": false,
        "dpout_model": 0.0
    },
    "discrimination": [
        0.9183586337760911,
        [
            0.8703974895397489,
            0.917877094972067,
            0.9763224181360202
        ]
    ],
    "insertion": [
        0.29734804175515045,
        [
            0.4730673440924482,
            0.20968924750792553,
            0.12530042879047767
        ]
    ]
}