{
    "hparams": {
        "loss": "margin",
        "input_dropout": 0.7,
        "hidden_state": 500,
        "hidden_layers": 1,
        "hidden_dropout": 0.2,
        "num_epochs": 50,
        "margin": 6.0,
        "lr": 0.001,
        "l2_reg_lambda": 0.1,
        "use_bn": false,
        "task": "discrimination",
        "bidirectional": false,
        "dpout_model": 0.0
    },
    "discrimination": [
        0.7688330170777988,
        [
            0.6899581589958159,
            0.7539106145251396,
            0.8705289672544081
        ]
    ],
    "insertion": [
        0.19384373240467087,
        [
            0.324455402802683,
            0.13129196265968318,
            0.06478677606739888
        ]
    ]
}