{
    "hparams": {
        "loss": "margin",
        "input_dropout": 0.7,
        "hidden_state": 500,
        "hidden_layers": 1,
        "hidden_dropout": 0.2,
        "num_epochs": 50,
        "margin": 6.0,
        "lr": 0.001,
        "l2_reg_lambda": 0.1,
        "use_bn": false,
        "task": "discrimination",
        "bidirectional": false,
        "dpout_model": 0.1
    },
    "discrimination": [
        0.7616698292220114,
        [
            0.6925732217573222,
            0.7385474860335196,
            0.8552896725440806
        ]
    ],
    "insertion": [
        0.1892226670962174,
        [
            0.3224887095702996,
            0.12071514745447157,
            0.059655104661107114
        ]
    ]
}