{
    "hparams": {
        "loss": "margin",
        "input_dropout": 0.7,
        "hidden_state": 500,
        "hidden_layers": 1,
        "hidden_dropout": 0.30000000000000004,
        "num_epochs": 50,
        "margin": 4.0,
        "lr": 0.001,
        "l2_reg_lambda": 0.0,
        "use_bn": false,
        "task": "discrimination",
        "bidirectional": false,
        "dpout_model": 0.0
    },
    "discrimination": [
        0.9135199240986718,
        [
            0.8656903765690377,
            0.9170391061452514,
            0.969521410579345
        ]
    ],
    "insertion": [
        0.29062476826627204,
        [
            0.47013930397821574,
            0.20339185089777476,
            0.11381555954751113
        ]
    ]
}