{
    "hparams": {
        "loss": "margin",
        "input_dropout": 0.7,
        "hidden_state": 500,
        "hidden_layers": 1,
        "hidden_dropout": 0.30000000000000004,
        "num_epochs": 50,
        "margin": 4.0,
        "lr": 0.001,
        "l2_reg_lambda": 0.0,
        "use_bn": false,
        "task": "discrimination",
        "bidirectional": false,
        "dpout_model": 0.05
    },
    "discrimination": [
        0.9135673624288425,
        [
            0.8639121338912134,
            0.9173184357541899,
            0.9716624685138538
        ]
    ],
    "insertion": [
        0.29313890653813096,
        [
            0.46919040977618365,
            0.20763796864359851,
            0.11971837589665005
        ]
    ]
}