{
    "hparams": {
        "loss": "margin",
        "input_dropout": 0.7,
        "hidden_state": 500,
        "hidden_layers": 1,
        "hidden_dropout": 0.30000000000000004,
        "num_epochs": 50,
        "margin": 5.0,
        "lr": 0.001,
        "l2_reg_lambda": 0.0,
        "use_bn": false,
        "task": "discrimination",
        "bidirectional": false,
        "dpout_model": 0.05
    },
    "discrimination": [
        0.9141366223908919,
        [
            0.8627615062761507,
            0.9189944134078212,
            0.9738035264483628
        ]
    ],
    "insertion": [
        0.290593718586083,
        [
            0.4600053131433879,
            0.2175784080664998,
            0.1195382988999713
        ]
    ]
}