{
    "hparams": {
        "loss": "margin",
        "input_dropout": 0.7,
        "hidden_state": 500,
        "hidden_layers": 1,
        "hidden_dropout": 0.30000000000000004,
        "num_epochs": 50,
        "margin": 5.0,
        "lr": 0.001,
        "l2_reg_lambda": 0.0,
        "use_bn": false,
        "task": "discrimination",
        "bidirectional": false,
        "dpout_model": 0.1
    },
    "discrimination": [
        0.9170777988614801,
        [
            0.8675732217573222,
            0.9212290502793297,
            0.9748110831234257
        ]
    ],
    "insertion": [
        0.2920221697302868,
        [
            0.46631384073852666,
            0.21106616254085864,
            0.11867130460426395
        ]
    ]
}