{
    "hparams": {
        "loss": "margin",
        "input_dropout": 0.7,
        "hidden_state": 500,
        "hidden_layers": 1,
        "hidden_dropout": 0.30000000000000004,
        "num_epochs": 50,
        "margin": 5.0,
        "lr": 0.001,
        "l2_reg_lambda": 0.1,
        "use_bn": false,
        "task": "discrimination",
        "bidirectional": false,
        "dpout_model": 0.05
    },
    "discrimination": [
        0.7862903225806451,
        [
            0.699581589958159,
            0.7628491620111731,
            0.9012594458438287
        ]
    ],
    "insertion": [
        0.19315111054987244,
        [
            0.32180298200172675,
            0.12426464281519889,
            0.06931001022372692
        ]
    ]
}