{
    "hparams": {
        "loss": "margin",
        "input_dropout": 0.7,
        "hidden_state": 500,
        "hidden_layers": 1,
        "hidden_dropout": 0.30000000000000004,
        "num_epochs": 50,
        "margin": 5.0,
        "lr": 0.001,
        "l2_reg_lambda": 0.1,
        "use_bn": false,
        "task": "discrimination",
        "bidirectional": false,
        "dpout_model": 0.1
    },
    "discrimination": [
        0.7938804554079696,
        [
            0.7211297071129708,
            0.7737430167597765,
            0.8905541561712846
        ]
    ],
    "insertion": [
        0.2019932519085024,
        [
            0.3432689114697482,
            0.1207476636360009,
            0.06852522931530916
        ]
    ]
}