{
    "hparams": {
        "loss": "margin",
        "input_dropout": 0.7,
        "hidden_state": 500,
        "hidden_layers": 1,
        "hidden_dropout": 0.30000000000000004,
        "num_epochs": 50,
        "margin": 6.0,
        "lr": 0.001,
        "l2_reg_lambda": 0.0,
        "use_bn": false,
        "task": "discrimination",
        "bidirectional": false,
        "dpout_model": 0.05
    },
    "discrimination": [
        0.9130929791271347,
        [
            0.8592050209205021,
            0.920949720670391,
            0.9744332493702771
        ]
    ],
    "insertion": [
        0.2857562454875381,
        [
            0.4574143255628608,
            0.20427229596634788,
            0.115814342939147
        ]
    ]
}