{
    "hparams": {
        "loss": "margin",
        "input_dropout": 0.7,
        "hidden_state": 500,
        "hidden_layers": 1,
        "hidden_dropout": 0.30000000000000004,
        "num_epochs": 50,
        "margin": 6.0,
        "lr": 0.001,
        "l2_reg_lambda": 0.1,
        "use_bn": false,
        "task": "discrimination",
        "bidirectional": false,
        "dpout_model": 0.0
    },
    "discrimination": [
        0.774146110056926,
        [
            0.6924686192468619,
            0.7497206703910615,
            0.8835012594458438
        ]
    ],
    "insertion": [
        0.18826720156269117,
        [
            0.31382164441787863,
            0.12241598597384958,
            0.06678695951136385
        ]
    ]
}