{
    "hparams": {
        "loss": "margin",
        "input_dropout": 0.7,
        "hidden_state": 500,
        "hidden_layers": 1,
        "hidden_dropout": 0.30000000000000004,
        "num_epochs": 50,
        "margin": 6.0,
        "lr": 0.001,
        "l2_reg_lambda": 0.1,
        "use_bn": false,
        "task": "discrimination",
        "bidirectional": false,
        "dpout_model": 0.05
    },
    "discrimination": [
        0.7700189753320683,
        [
            0.6940376569037657,
            0.7497206703910615,
            0.870654911838791
        ]
    ],
    "insertion": [
        0.18272825726663156,
        [
            0.30858985853755727,
            0.11748257471811963,
            0.060605163484971955
        ]
    ]
}