{
    "hparams": {
        "loss": "margin",
        "input_dropout": 0.7,
        "hidden_state": 500,
        "hidden_layers": 1,
        "hidden_dropout": 0.30000000000000004,
        "num_epochs": 50,
        "margin": 6.0,
        "lr": 0.001,
        "l2_reg_lambda": 0.1,
        "use_bn": false,
        "task": "discrimination",
        "bidirectional": false,
        "dpout_model": 0.1
    },
    "discrimination": [
        0.7668880455407969,
        [
            0.6988493723849373,
            0.744413407821229,
            0.8589420654911839
        ]
    ],
    "insertion": [
        0.19336828869120923,
        [
            0.33358653782293946,
            0.11375897717501396,
            0.06043565311547097
        ]
    ]
}