{
    "hparams": {
        "loss": "margin",
        "input_dropout": 0.7,
        "hidden_state": 500,
        "hidden_layers": 1,
        "hidden_dropout": 0.4000000000000001,
        "num_epochs": 50,
        "margin": 4.0,
        "lr": 0.001,
        "l2_reg_lambda": 0.0,
        "use_bn": false,
        "task": "discrimination",
        "bidirectional": false,
        "dpout_model": 0.1
    },
    "discrimination": [
        0.9134724857685009,
        [
            0.8637029288702929,
            0.9150837988826815,
            0.9726700251889169
        ]
    ],
    "insertion": [
        0.2894413001728686,
        [
            0.46898535564853533,
            0.19694722764018996,
            0.11496870688818536
        ]
    ]
}