{
    "hparams": {
        "loss": "margin",
        "input_dropout": 0.7,
        "hidden_state": 500,
        "hidden_layers": 1,
        "hidden_dropout": 0.4000000000000001,
        "num_epochs": 50,
        "margin": 4.0,
        "lr": 0.001,
        "l2_reg_lambda": 0.1,
        "use_bn": false,
        "task": "discrimination",
        "bidirectional": false,
        "dpout_model": 0.0
    },
    "discrimination": [
        0.8025142314990512,
        [
            0.7343096234309623,
            0.7832402234636872,
            0.8933249370277078
        ]
    ],
    "insertion": [
        0.2076993913841926,
        [
            0.3496314006774258,
            0.1424024352038604,
            0.06625015892604139
        ]
    ]
}