{
    "hparams": {
        "loss": "margin",
        "input_dropout": 0.7,
        "hidden_state": 500,
        "hidden_layers": 1,
        "hidden_dropout": 0.4000000000000001,
        "num_epochs": 50,
        "margin": 4.0,
        "lr": 0.001,
        "l2_reg_lambda": 0.1,
        "use_bn": false,
        "task": "discrimination",
        "bidirectional": false,
        "dpout_model": 0.1
    },
    "discrimination": [
        0.7679316888045541,
        [
            0.6968619246861925,
            0.7564245810055866,
            0.8586901763224182
        ]
    ],
    "insertion": [
        0.19474533456005133,
        [
            0.334362754864847,
            0.12049888883929903,
            0.06011809747773982
        ]
    ]
}