{
    "hparams": {
        "loss": "margin",
        "input_dropout": 0.7,
        "hidden_state": 500,
        "hidden_layers": 1,
        "hidden_dropout": 0.4000000000000001,
        "num_epochs": 50,
        "margin": 5.0,
        "lr": 0.001,
        "l2_reg_lambda": 0.0,
        "use_bn": false,
        "task": "discrimination",
        "bidirectional": false,
        "dpout_model": 0.0
    },
    "discrimination": [
        0.9182637571157495,
        [
            0.8692468619246861,
            0.9231843575418994,
            0.9750629722921914
        ]
    ],
    "insertion": [
        0.2909764626568606,
        [
            0.45978448562130564,
            0.2060939676491764,
            0.1259984566855023
        ]
    ]
}