{
    "hparams": {
        "loss": "margin",
        "input_dropout": 0.7,
        "hidden_state": 500,
        "hidden_layers": 1,
        "hidden_dropout": 0.4000000000000001,
        "num_epochs": 50,
        "margin": 5.0,
        "lr": 0.001,
        "l2_reg_lambda": 0.0,
        "use_bn": false,
        "task": "discrimination",
        "bidirectional": false,
        "dpout_model": 0.05
    },
    "discrimination": [
        0.9195445920303605,
        [
            0.8735355648535564,
            0.9192737430167598,
            0.9750629722921914
        ]
    ],
    "insertion": [
        0.29762340709142665,
        [
            0.4701351530849435,
            0.21532726487929965,
            0.1270198677238439
        ]
    ]
}