{
    "hparams": {
        "loss": "margin",
        "input_dropout": 0.7,
        "hidden_state": 500,
        "hidden_layers": 1,
        "hidden_dropout": 0.4000000000000001,
        "num_epochs": 50,
        "margin": 5.0,
        "lr": 0.001,
        "l2_reg_lambda": 0.0,
        "use_bn": false,
        "task": "discrimination",
        "bidirectional": false,
        "dpout_model": 0.1
    },
    "discrimination": [
        0.9164136622390892,
        [
            0.8690376569037657,
            0.9170391061452514,
            0.9731738035264483
        ]
    ],
    "insertion": [
        0.29150703170404985,
        [
            0.46941621837019293,
            0.20406833007063044,
            0.1167234961019484
        ]
    ]
}