{
    "hparams": {
        "loss": "margin",
        "input_dropout": 0.7,
        "hidden_state": 500,
        "hidden_layers": 1,
        "hidden_dropout": 0.4000000000000001,
        "num_epochs": 50,
        "margin": 5.0,
        "lr": 0.001,
        "l2_reg_lambda": 0.1,
        "use_bn": false,
        "task": "discrimination",
        "bidirectional": false,
        "dpout_model": 0.0
    },
    "discrimination": [
        0.7861480075901328,
        [
            0.7079497907949791,
            0.7614525139664804,
            0.8914357682619647
        ]
    ],
    "insertion": [
        0.20236493805860678,
        [
            0.3374908680348013,
            0.12951696446256872,
            0.07251504572880789
        ]
    ]
}