{
    "hparams": {
        "loss": "margin",
        "input_dropout": 0.7,
        "hidden_state": 500,
        "hidden_layers": 1,
        "hidden_dropout": 0.4000000000000001,
        "num_epochs": 50,
        "margin": 6.0,
        "lr": 0.001,
        "l2_reg_lambda": 0.0,
        "use_bn": false,
        "task": "discrimination",
        "bidirectional": false,
        "dpout_model": 0.05
    },
    "discrimination": [
        0.9116698292220113,
        [
            0.8596234309623431,
            0.9162011173184358,
            0.9722921914357683
        ]
    ],
    "insertion": [
        0.2880835293697564,
        [
            0.4624535099953507,
            0.2010260848619376,
            0.1173894029915838
        ]
    ]
}