{
    "hparams": {
        "loss": "margin",
        "input_dropout": 0.7,
        "hidden_state": 500,
        "hidden_layers": 1,
        "hidden_dropout": 0.4000000000000001,
        "num_epochs": 50,
        "margin": 6.0,
        "lr": 0.001,
        "l2_reg_lambda": 0.0,
        "use_bn": false,
        "task": "discrimination",
        "bidirectional": false,
        "dpout_model": 0.1
    },
    "discrimination": [
        0.9087286527514231,
        [
            0.8521966527196653,
            0.9187150837988827,
            0.9722921914357683
        ]
    ],
    "insertion": [
        0.28159716353688125,
        [
            0.45063923756392354,
            0.20370648817775103,
            0.11318487009697722
        ]
    ]
}