{
    "hparams": {
        "loss": "margin",
        "input_dropout": 0.7,
        "hidden_state": 500,
        "hidden_layers": 1,
        "hidden_dropout": 0.4000000000000001,
        "num_epochs": 50,
        "margin": 6.0,
        "lr": 0.001,
        "l2_reg_lambda": 0.1,
        "use_bn": false,
        "task": "discrimination",
        "bidirectional": false,
        "dpout_model": 0.0
    },
    "discrimination": [
        0.7771821631878558,
        [
            0.6956066945606695,
            0.7564245810055866,
            0.8847607052896725
        ]
    ],
    "insertion": [
        0.19475618914571255,
        [
            0.32245384206681266,
            0.12482233445142277,
            0.07253624429430709
        ]
    ]
}