{
    "hparams": {
        "loss": "margin",
        "input_dropout": 0.7,
        "hidden_state": 500,
        "hidden_layers": 1,
        "hidden_dropout": 0.4000000000000001,
        "num_epochs": 50,
        "margin": 6.0,
        "lr": 0.001,
        "l2_reg_lambda": 0.1,
        "use_bn": false,
        "task": "discrimination",
        "bidirectional": false,
        "dpout_model": 0.05
    },
    "discrimination": [
        0.7901328273244782,
        [
            0.7101464435146444,
            0.7756983240223464,
            0.8929471032745592
        ]
    ],
    "insertion": [
        0.1956673732179751,
        [
            0.32917828916782876,
            0.123039298671898,
            0.06766285815429178
        ]
    ]
}