{
    "hparams": {
        "loss": "margin",
        "input_dropout": 0.7,
        "hidden_state": 500,
        "hidden_layers": 1,
        "hidden_dropout": 0.4000000000000001,
        "num_epochs": 50,
        "margin": 6.0,
        "lr": 0.001,
        "l2_reg_lambda": 0.1,
        "use_bn": false,
        "task": "discrimination",
        "bidirectional": false,
        "dpout_model": 0.1
    },
    "discrimination": [
        0.7740037950664137,
        [
            0.69581589958159,
            0.7575418994413408,
            0.8755667506297229
        ]
    ],
    "insertion": [
        0.19536635253900367,
        [
            0.3286436541143655,
            0.12152123486052084,
            0.0681918586131232
        ]
    ]
}