{
    "hparams": {
        "loss": "margin",
        "input_dropout": 0.7,
        "hidden_state": 500,
        "hidden_layers": 2,
        "hidden_dropout": 0.2,
        "num_epochs": 50,
        "margin": 4.0,
        "lr": 0.001,
        "l2_reg_lambda": 0.0,
        "use_bn": false,
        "task": "discrimination",
        "bidirectional": false,
        "dpout_model": 0.05
    },
    "discrimination": [
        0.915607210626186,
        [
            0.8669456066945607,
            0.9212290502793297,
            0.9716624685138538
        ]
    ],
    "insertion": [
        0.29221720339512014,
        [
            0.4711562728299127,
            0.20387072990178481,
            0.11660295544921626
        ]
    ]
}