{
    "hparams": {
        "loss": "margin",
        "input_dropout": 0.7,
        "hidden_state": 500,
        "hidden_layers": 2,
        "hidden_dropout": 0.2,
        "num_epochs": 50,
        "margin": 4.0,
        "lr": 0.001,
        "l2_reg_lambda": 0.0,
        "use_bn": false,
        "task": "discrimination",
        "bidirectional": false,
        "dpout_model": 0.1
    },
    "discrimination": [
        0.92073055028463,
        [
            0.8735355648535564,
            0.9226256983240223,
            0.9767002518891688
        ]
    ],
    "insertion": [
        0.2982749154679269,
        [
            0.47523743109517186,
            0.21185196010593388,
            0.12417321909506465
        ]
    ]
}