{
    "hparams": {
        "loss": "margin",
        "input_dropout": 0.7,
        "hidden_state": 500,
        "hidden_layers": 2,
        "hidden_dropout": 0.2,
        "num_epochs": 50,
        "margin": 4.0,
        "lr": 0.001,
        "l2_reg_lambda": 0.1,
        "use_bn": false,
        "task": "discrimination",
        "bidirectional": false,
        "dpout_model": 0.0
    },
    "discrimination": [
        0.747865275142315,
        [
            0.6676778242677824,
            0.7270949720670391,
            0.8537783375314861
        ]
    ],
    "insertion": [
        0.17562157483091098,
        [
            0.2965082685793982,
            0.11428029065445391,
            0.057727998649069495
        ]
    ]
}