{
    "hparams": {
        "loss": "margin",
        "input_dropout": 0.7,
        "hidden_state": 500,
        "hidden_layers": 2,
        "hidden_dropout": 0.2,
        "num_epochs": 50,
        "margin": 4.0,
        "lr": 0.001,
        "l2_reg_lambda": 0.1,
        "use_bn": false,
        "task": "discrimination",
        "bidirectional": false,
        "dpout_model": 0.05
    },
    "discrimination": [
        0.7531783681214421,
        [
            0.6589958158995816,
            0.7388268156424581,
            0.8730478589420655
        ]
    ],
    "insertion": [
        0.17633226503166838,
        [
            0.2898195191605234,
            0.12208223459455793,
            0.06415052189476679
        ]
    ]
}