{
    "hparams": {
        "loss": "margin",
        "input_dropout": 0.7,
        "hidden_state": 500,
        "hidden_layers": 2,
        "hidden_dropout": 0.2,
        "num_epochs": 50,
        "margin": 4.0,
        "lr": 0.001,
        "l2_reg_lambda": 0.1,
        "use_bn": false,
        "task": "discrimination",
        "bidirectional": false,
        "dpout_model": 0.1
    },
    "discrimination": [
        0.7567836812144213,
        [
            0.674581589958159,
            0.738268156424581,
            0.8641057934508816
        ]
    ],
    "insertion": [
        0.17580696177658714,
        [
            0.3002266387726639,
            0.11049975179859117,
            0.05544772999305211
        ]
    ]
}