{
    "hparams": {
        "loss": "margin",
        "input_dropout": 0.7,
        "hidden_state": 500,
        "hidden_layers": 2,
        "hidden_dropout": 0.2,
        "num_epochs": 50,
        "margin": 5.0,
        "lr": 0.001,
        "l2_reg_lambda": 0.0,
        "use_bn": false,
        "task": "discrimination",
        "bidirectional": false,
        "dpout_model": 0.05
    },
    "discrimination": [
        0.9129981024667931,
        [
            0.8641213389121339,
            0.9114525139664804,
            0.972544080604534
        ]
    ],
    "insertion": [
        0.2933801079433055,
        [
            0.47670601713488747,
            0.1987397233248367,
            0.11532178112499236
        ]
    ]
}