{
    "hparams": {
        "loss": "margin",
        "input_dropout": 0.7,
        "hidden_state": 500,
        "hidden_layers": 2,
        "hidden_dropout": 0.2,
        "num_epochs": 50,
        "margin": 5.0,
        "lr": 0.001,
        "l2_reg_lambda": 0.1,
        "use_bn": false,
        "task": "discrimination",
        "bidirectional": false,
        "dpout_model": 0.0
    },
    "discrimination": [
        0.7578747628083492,
        [
            0.6559623430962344,
            0.7525139664804469,
            0.8829974811083123
        ]
    ],
    "insertion": [
        0.15981377614495615,
        [
            0.2674868831772598,
            0.10266141050317848,
            0.05594105143069181
        ]
    ]
}