{
    "hparams": {
        "loss": "margin",
        "input_dropout": 0.7,
        "hidden_state": 500,
        "hidden_layers": 2,
        "hidden_dropout": 0.2,
        "num_epochs": 50,
        "margin": 6.0,
        "lr": 0.001,
        "l2_reg_lambda": 0.1,
        "use_bn": false,
        "task": "discrimination",
        "bidirectional": false,
        "dpout_model": 0.0
    },
    "discrimination": [
        0.7621442125237191,
        [
            0.6710251046025104,
            0.7539106145251396,
            0.8755667506297229
        ]
    ],
    "insertion": [
        0.17231444923372097,
        [
            0.2867818954639038,
            0.11832454510300118,
            0.05883523901047527
        ]
    ]
}