{
    "hparams": {
        "loss": "margin",
        "input_dropout": 0.7,
        "hidden_state": 500,
        "hidden_layers": 2,
        "hidden_dropout": 0.2,
        "num_epochs": 50,
        "margin": 6.0,
        "lr": 0.001,
        "l2_reg_lambda": 0.1,
        "use_bn": false,
        "task": "discrimination",
        "bidirectional": false,
        "dpout_model": 0.05
    },
    "discrimination": [
        0.7594402277039848,
        [
            0.6838912133891213,
            0.7432960893854749,
            0.8576826196473551
        ]
    ],
    "insertion": [
        0.18073606596851313,
        [
            0.30550325430032543,
            0.11516202032032145,
            0.060078731329772664
        ]
    ]
}