{
    "hparams": {
        "loss": "margin",
        "input_dropout": 0.7,
        "hidden_state": 500,
        "hidden_layers": 2,
        "hidden_dropout": 0.2,
        "num_epochs": 50,
        "margin": 6.0,
        "lr": 0.001,
        "l2_reg_lambda": 0.1,
        "use_bn": false,
        "task": "discrimination",
        "bidirectional": false,
        "dpout_model": 0.1
    },
    "discrimination": [
        0.7586337760910816,
        [
            0.6612970711297071,
            0.7541899441340782,
            0.8778337531486146
        ]
    ],
    "insertion": [
        0.17638658947199276,
        [
            0.29630321445175,
            0.11507759583930945,
            0.05964644619724806
        ]
    ]
}