{
    "hparams": {
        "loss": "margin",
        "input_dropout": 0.7,
        "hidden_state": 500,
        "hidden_layers": 2,
        "hidden_dropout": 0.30000000000000004,
        "num_epochs": 50,
        "margin": 4.0,
        "lr": 0.001,
        "l2_reg_lambda": 0.0,
        "use_bn": false,
        "task": "discrimination",
        "bidirectional": false,
        "dpout_model": 0.1
    },
    "discrimination": [
        0.9105313092979127,
        [
            0.8605648535564854,
            0.9150837988826815,
            0.968639798488665
        ]
    ],
    "insertion": [
        0.2872413195077547,
        [
            0.4625963007239154,
            0.20223307576746025,
            0.11443727569966379
        ]
    ]
}