{
    "hparams": {
        "loss": "margin",
        "input_dropout": 0.7,
        "hidden_state": 500,
        "hidden_layers": 2,
        "hidden_dropout": 0.30000000000000004,
        "num_epochs": 50,
        "margin": 4.0,
        "lr": 0.001,
        "l2_reg_lambda": 0.1,
        "use_bn": false,
        "task": "discrimination",
        "bidirectional": false,
        "dpout_model": 0.0
    },
    "discrimination": [
        0.7376660341555977,
        [
            0.617050209205021,
            0.7441340782122905,
            0.8799748110831235
        ]
    ],
    "insertion": [
        0.16888884673459667,
        [
            0.27709122003055076,
            0.1136572822770221,
            0.06351281550648535
        ]
    ]
}