{
    "hparams": {
        "loss": "margin",
        "input_dropout": 0.7,
        "hidden_state": 500,
        "hidden_layers": 2,
        "hidden_dropout": 0.30000000000000004,
        "num_epochs": 50,
        "margin": 4.0,
        "lr": 0.001,
        "l2_reg_lambda": 0.1,
        "use_bn": false,
        "task": "discrimination",
        "bidirectional": false,
        "dpout_model": 0.05
    },
    "discrimination": [
        0.6866698292220114,
        [
            0.5606694560669456,
            0.696927374301676,
            0.8337531486146096
        ]
    ],
    "insertion": [
        0.13888652007945837,
        [
            0.23333167297602464,
            0.09549177578585018,
            0.04473759349003065
        ]
    ]
}