{
    "hparams": {
        "loss": "margin",
        "input_dropout": 0.7,
        "hidden_state": 500,
        "hidden_layers": 2,
        "hidden_dropout": 0.30000000000000004,
        "num_epochs": 50,
        "margin": 5.0,
        "lr": 0.001,
        "l2_reg_lambda": 0.0,
        "use_bn": false,
        "task": "discrimination",
        "bidirectional": false,
        "dpout_model": 0.0
    },
    "discrimination": [
        0.9111954459203037,
        [
            0.8577405857740585,
            0.9206703910614525,
            0.9712846347607053
        ]
    ],
    "insertion": [
        0.28862546347858514,
        [
            0.4603847047884704,
            0.20382867762098777,
            0.12005545673396253
        ]
    ]
}