{
    "hparams": {
        "loss": "margin",
        "input_dropout": 0.7,
        "hidden_state": 500,
        "hidden_layers": 2,
        "hidden_dropout": 0.30000000000000004,
        "num_epochs": 50,
        "margin": 5.0,
        "lr": 0.001,
        "l2_reg_lambda": 0.0,
        "use_bn": false,
        "task": "discrimination",
        "bidirectional": false,
        "dpout_model": 0.1
    },
    "discrimination": [
        0.9147058823529411,
        [
            0.8655857740585774,
            0.9170391061452514,
            0.9727959697732997
        ]
    ],
    "insertion": [
        0.28919736859359213,
        [
            0.46712492528392097,
            0.20128756668226042,
            0.11460412537986726
        ]
    ]
}