{
    "hparams": {
        "loss": "margin",
        "input_dropout": 0.7,
        "hidden_state": 500,
        "hidden_layers": 2,
        "hidden_dropout": 0.30000000000000004,
        "num_epochs": 50,
        "margin": 5.0,
        "lr": 0.001,
        "l2_reg_lambda": 0.1,
        "use_bn": false,
        "task": "discrimination",
        "bidirectional": false,
        "dpout_model": 0.0
    },
    "discrimination": [
        0.722011385199241,
        [
            0.6030334728033473,
            0.7254189944134078,
            0.863727959697733
        ]
    ],
    "insertion": [
        0.15420119384349154,
        [
            0.25530733213787604,
            0.10412829515104795,
            0.055043296516619114
        ]
    ]
}