{
    "hparams": {
        "loss": "margin",
        "input_dropout": 0.7,
        "hidden_state": 500,
        "hidden_layers": 2,
        "hidden_dropout": 0.30000000000000004,
        "num_epochs": 50,
        "margin": 5.0,
        "lr": 0.001,
        "l2_reg_lambda": 0.1,
        "use_bn": false,
        "task": "discrimination",
        "bidirectional": false,
        "dpout_model": 0.1
    },
    "discrimination": [
        0.7280360531309298,
        [
            0.6203974895397489,
            0.7217877094972067,
            0.8604534005037784
        ]
    ],
    "insertion": [
        0.16241524777696542,
        [
            0.2675026565716943,
            0.11200174613271101,
            0.058617352035003525
        ]
    ]
}