{
    "hparams": {
        "loss": "margin",
        "input_dropout": 0.7,
        "hidden_state": 500,
        "hidden_layers": 2,
        "hidden_dropout": 0.30000000000000004,
        "num_epochs": 50,
        "margin": 6.0,
        "lr": 0.001,
        "l2_reg_lambda": 0.0,
        "use_bn": false,
        "task": "discrimination",
        "bidirectional": false,
        "dpout_model": 0.0
    },
    "discrimination": [
        0.9122390891840607,
        [
            0.8651673640167364,
            0.909217877094972,
            0.9702770780856423
        ]
    ],
    "insertion": [
        0.29248235270439366,
        [
            0.47673341303048394,
            0.19542989637252572,
            0.11439767473848238
        ]
    ]
}