{
    "hparams": {
        "loss": "margin",
        "input_dropout": 0.7,
        "hidden_state": 500,
        "hidden_layers": 2,
        "hidden_dropout": 0.30000000000000004,
        "num_epochs": 50,
        "margin": 6.0,
        "lr": 0.001,
        "l2_reg_lambda": 0.0,
        "use_bn": false,
        "task": "discrimination",
        "bidirectional": false,
        "dpout_model": 0.05
    },
    "discrimination": [
        0.91646110056926,
        [
            0.871234309623431,
            0.9173184357541899,
            0.9705289672544081
        ]
    ],
    "insertion": [
        0.2927957106330341,
        [
            0.47217490203891815,
            0.2049678980938387,
            0.11641768784337013
        ]
    ]
}