{
    "hparams": {
        "loss": "margin",
        "input_dropout": 0.7,
        "hidden_state": 500,
        "hidden_layers": 2,
        "hidden_dropout": 0.30000000000000004,
        "num_epochs": 50,
        "margin": 6.0,
        "lr": 0.001,
        "l2_reg_lambda": 0.1,
        "use_bn": false,
        "task": "discrimination",
        "bidirectional": false,
        "dpout_model": 0.0
    },
    "discrimination": [
        0.7704933586337761,
        [
            0.6802301255230125,
            0.7578212290502794,
            0.8848866498740554
        ]
    ],
    "insertion": [
        0.1882679510287797,
        [
            0.3116083881251244,
            0.1306753280725036,
            0.06572979127341609
        ]
    ]
}