{
    "hparams": {
        "loss": "margin",
        "input_dropout": 0.7,
        "hidden_state": 500,
        "hidden_layers": 2,
        "hidden_dropout": 0.4000000000000001,
        "num_epochs": 50,
        "margin": 4.0,
        "lr": 0.001,
        "l2_reg_lambda": 0.0,
        "use_bn": false,
        "task": "discrimination",
        "bidirectional": false,
        "dpout_model": 0.0
    },
    "discrimination": [
        0.9166034155597723,
        [
            0.8675732217573222,
            0.9187150837988827,
            0.9746851385390428
        ]
    ],
    "insertion": [
        0.2966109779908651,
        [
            0.4698105532310548,
            0.2160416159021673,
            0.12440069801370192
        ]
    ]
}