{
    "hparams": {
        "loss": "margin",
        "input_dropout": 0.7,
        "hidden_state": 500,
        "hidden_layers": 2,
        "hidden_dropout": 0.4000000000000001,
        "num_epochs": 50,
        "margin": 4.0,
        "lr": 0.001,
        "l2_reg_lambda": 0.0,
        "use_bn": false,
        "task": "discrimination",
        "bidirectional": false,
        "dpout_model": 0.1
    },
    "discrimination": [
        0.9089184060721063,
        [
            0.853765690376569,
            0.9175977653631285,
            0.9714105793450881
        ]
    ],
    "insertion": [
        0.29075155374296385,
        [
            0.46622667197980977,
            0.20767605714896298,
            0.11693142118153765
        ]
    ]
}