{
    "hparams": {
        "loss": "margin",
        "input_dropout": 0.7,
        "hidden_state": 500,
        "hidden_layers": 2,
        "hidden_dropout": 0.4000000000000001,
        "num_epochs": 50,
        "margin": 5.0,
        "lr": 0.001,
        "l2_reg_lambda": 0.0,
        "use_bn": false,
        "task": "discrimination",
        "bidirectional": false,
        "dpout_model": 0.05
    },
    "discrimination": [
        0.9070208728652751,
        [
            0.8557531380753138,
            0.9128491620111732,
            0.9661209068010076
        ]
    ],
    "insertion": [
        0.28624583903842077,
        [
            0.4641968851696883,
            0.19490830881014573,
            0.11316981349714969
        ]
    ]
}