{
    "hparams": {
        "loss": "margin",
        "input_dropout": 0.7,
        "hidden_state": 500,
        "hidden_layers": 2,
        "hidden_dropout": 0.4000000000000001,
        "num_epochs": 50,
        "margin": 5.0,
        "lr": 0.001,
        "l2_reg_lambda": 0.0,
        "use_bn": false,
        "task": "discrimination",
        "bidirectional": false,
        "dpout_model": 0.1
    },
    "discrimination": [
        0.9123339658444023,
        [
            0.8643305439330544,
            0.912290502793296,
            0.9701511335012595
        ]
    ],
    "insertion": [
        0.286235406190779,
        [
            0.46752590157401824,
            0.19243045818663718,
            0.11025109611408633
        ]
    ]
}