{
    "hparams": {
        "loss": "margin",
        "input_dropout": 0.5,
        "hidden_state": 500,
        "hidden_layers": 1,
        "hidden_dropout": 0.2,
        "num_epochs": 50,
        "margin": 4.0,
        "lr": 0.001,
        "l2_reg_lambda": 0.0,
        "use_bn": false,
        "task": "insertion",
        "bidirectional": false,
        "dpout_model": 0.0
    },
    "discrimination": [
        0.9286053130929791,
        [
            0.8871338912133891,
            0.9251396648044693,
            0.9801007556675063
        ]
    ],
    "insertion": [
        0.305563598029813,
        [
            0.48484176794846245,
            0.21449184798286278,
            0.13076983993734356
        ]
    ]
}