{
    "hparams": {
        "loss": "margin",
        "input_dropout": 0.5,
        "hidden_state": 500,
        "hidden_layers": 1,
        "hidden_dropout": 0.2,
        "num_epochs": 50,
        "margin": 4.0,
        "lr": 0.001,
        "l2_reg_lambda": 0.0,
        "use_bn": false,
        "task": "insertion",
        "bidirectional": false,
        "dpout_model": 0.05
    },
    "discrimination": [
        0.9227229601518027,
        [
            0.8759414225941422,
            0.9243016759776537,
            0.9783375314861461
        ]
    ],
    "insertion": [
        0.29488221922003566,
        [
            0.4714667596466755,
            0.200602540014175,
            0.12477806872611924
        ]
    ]
}