{
    "hparams": {
        "loss": "margin",
        "input_dropout": 0.5,
        "hidden_state": 500,
        "hidden_layers": 1,
        "hidden_dropout": 0.2,
        "num_epochs": 50,
        "margin": 4.0,
        "lr": 0.001,
        "l2_reg_lambda": 0.0,
        "use_bn": false,
        "task": "insertion",
        "bidirectional": false,
        "dpout_model": 0.1
    },
    "discrimination": [
        0.9240512333965845,
        [
            0.8801255230125523,
            0.9192737430167598,
            0.9790931989924433
        ]
    ],
    "insertion": [
        0.3092638747426264,
        [
            0.4906787540678751,
            0.2194388057897061,
            0.13133534835749763
        ]
    ]
}