{
    "hparams": {
        "loss": "margin",
        "input_dropout": 0.5,
        "hidden_state": 500,
        "hidden_layers": 1,
        "hidden_dropout": 0.2,
        "num_epochs": 50,
        "margin": 4.0,
        "lr": 0.001,
        "l2_reg_lambda": 0.1,
        "use_bn": false,
        "task": "insertion",
        "bidirectional": false,
        "dpout_model": 0.0
    },
    "discrimination": [
        0.7861480075901328,
        [
            0.7214435146443514,
            0.7606145251396648,
            0.8755667506297229
        ]
    ],
    "insertion": [
        0.19826893735168677,
        [
            0.33648220096964854,
            0.12382252003492292,
            0.06542251087892863
        ]
    ]
}