{
    "hparams": {
        "loss": "margin",
        "input_dropout": 0.5,
        "hidden_state": 500,
        "hidden_layers": 1,
        "hidden_dropout": 0.2,
        "num_epochs": 50,
        "margin": 4.0,
        "lr": 0.001,
        "l2_reg_lambda": 0.1,
        "use_bn": false,
        "task": "insertion",
        "bidirectional": false,
        "dpout_model": 0.05
    },
    "discrimination": [
        0.7838709677419354,
        [
            0.6986401673640167,
            0.776536312849162,
            0.8897984886649875
        ]
    ],
    "insertion": [
        0.19915973072999568,
        [
            0.3312354718735472,
            0.12768785687909817,
            0.07236189988035606
        ]
    ]
}