{
    "hparams": {
        "loss": "margin",
        "input_dropout": 0.5,
        "hidden_state": 500,
        "hidden_layers": 1,
        "hidden_dropout": 0.2,
        "num_epochs": 50,
        "margin": 4.0,
        "lr": 0.001,
        "l2_reg_lambda": 0.1,
        "use_bn": false,
        "task": "insertion",
        "bidirectional": false,
        "dpout_model": 0.1
    },
    "discrimination": [
        0.7877134724857685,
        [
            0.7186192468619247,
            0.7600558659217878,
            0.8833753148614609
        ]
    ],
    "insertion": [
        0.20173753498751174,
        [
            0.33880005977286304,
            0.12754785492453471,
            0.07016087474538323
        ]
    ]
}