{
    "hparams": {
        "loss": "margin",
        "input_dropout": 0.5,
        "hidden_state": 500,
        "hidden_layers": 1,
        "hidden_dropout": 0.2,
        "num_epochs": 50,
        "margin": 5.0,
        "lr": 0.001,
        "l2_reg_lambda": 0.0,
        "use_bn": false,
        "task": "insertion",
        "bidirectional": false,
        "dpout_model": 0.0
    },
    "discrimination": [
        0.9287950664136623,
        [
            0.8900627615062762,
            0.9248603351955307,
            0.9772040302267002
        ]
    ],
    "insertion": [
        0.30305280369271914,
        [
            0.48148701600584426,
            0.21471650091303482,
            0.12804183319370072
        ]
    ]
}