{
    "hparams": {
        "loss": "margin",
        "input_dropout": 0.5,
        "hidden_state": 500,
        "hidden_layers": 1,
        "hidden_dropout": 0.2,
        "num_epochs": 50,
        "margin": 5.0,
        "lr": 0.001,
        "l2_reg_lambda": 0.0,
        "use_bn": false,
        "task": "insertion",
        "bidirectional": false,
        "dpout_model": 0.05
    },
    "discrimination": [
        0.9265180265654649,
        [
            0.8869246861924687,
            0.9220670391061453,
            0.9761964735516373
        ]
    ],
    "insertion": [
        0.3019452069400394,
        [
            0.47902470611675624,
            0.21715822060876294,
            0.1269650304836864
        ]
    ]
}