{
    "hparams": {
        "loss": "margin",
        "input_dropout": 0.5,
        "hidden_state": 500,
        "hidden_layers": 1,
        "hidden_dropout": 0.2,
        "num_epochs": 50,
        "margin": 5.0,
        "lr": 0.001,
        "l2_reg_lambda": 0.0,
        "use_bn": false,
        "task": "insertion",
        "bidirectional": false,
        "dpout_model": 0.1
    },
    "discrimination": [
        0.9230075901328273,
        [
            0.8752092050209205,
            0.9259776536312849,
            0.9792191435768262
        ]
    ],
    "insertion": [
        0.2946718903637589,
        [
            0.46740967656239585,
            0.20778537011759937,
            0.1258659088048524
        ]
    ]
}