{
    "hparams": {
        "loss": "margin",
        "input_dropout": 0.5,
        "hidden_state": 500,
        "hidden_layers": 1,
        "hidden_dropout": 0.2,
        "num_epochs": 50,
        "margin": 5.0,
        "lr": 0.001,
        "l2_reg_lambda": 0.1,
        "use_bn": false,
        "task": "insertion",
        "bidirectional": false,
        "dpout_model": 0.0
    },
    "discrimination": [
        0.7642314990512334,
        [
            0.6780334728033472,
            0.744413407821229,
            0.8769521410579345
        ]
    ],
    "insertion": [
        0.17824212246450133,
        [
            0.29837201965863047,
            0.11791309530188226,
            0.06080334413532018
        ]
    ]
}