{
    "hparams": {
        "loss": "margin",
        "input_dropout": 0.5,
        "hidden_state": 500,
        "hidden_layers": 1,
        "hidden_dropout": 0.2,
        "num_epochs": 50,
        "margin": 5.0,
        "lr": 0.001,
        "l2_reg_lambda": 0.1,
        "use_bn": false,
        "task": "insertion",
        "bidirectional": false,
        "dpout_model": 0.05
    },
    "discrimination": [
        0.7678368121442125,
        [
            0.6756276150627615,
            0.7497206703910615,
            0.8870277078085642
        ]
    ],
    "insertion": [
        0.1947842710378545,
        [
            0.32518596001859595,
            0.12442585709985433,
            0.06950001099278552
        ]
    ]
}