{
    "hparams": {
        "loss": "margin",
        "input_dropout": 0.5,
        "hidden_state": 500,
        "hidden_layers": 1,
        "hidden_dropout": 0.2,
        "num_epochs": 50,
        "margin": 5.0,
        "lr": 0.001,
        "l2_reg_lambda": 0.1,
        "use_bn": false,
        "task": "insertion",
        "bidirectional": false,
        "dpout_model": 0.1
    },
    "discrimination": [
        0.7811195445920304,
        [
            0.7097280334728033,
            0.7628491620111731,
            0.8753148614609572
        ]
    ],
    "insertion": [
        0.18679847988199388,
        [
            0.3148568771999735,
            0.1187175285390343,
            0.06330874782253673
        ]
    ]
}