{
    "hparams": {
        "loss": "margin",
        "input_dropout": 0.5,
        "hidden_state": 500,
        "hidden_layers": 1,
        "hidden_dropout": 0.2,
        "num_epochs": 50,
        "margin": 6.0,
        "lr": 0.001,
        "l2_reg_lambda": 0.0,
        "use_bn": false,
        "task": "insertion",
        "bidirectional": false,
        "dpout_model": 0.0
    },
    "discrimination": [
        0.9258064516129032,
        [
            0.8837866108786611,
            0.9184357541899442,
            0.9797229219143577
        ]
    ],
    "insertion": [
        0.30353840602528503,
        [
            0.4768014876801487,
            0.22241986395587418,
            0.13149927756029695
        ]
    ]
}