{
    "hparams": {
        "loss": "margin",
        "input_dropout": 0.5,
        "hidden_state": 500,
        "hidden_layers": 1,
        "hidden_dropout": 0.2,
        "num_epochs": 50,
        "margin": 6.0,
        "lr": 0.001,
        "l2_reg_lambda": 0.0,
        "use_bn": false,
        "task": "insertion",
        "bidirectional": false,
        "dpout_model": 0.05
    },
    "discrimination": [
        0.9245256166982923,
        [
            0.8782426778242678,
            0.9256983240223464,
            0.9797229219143577
        ]
    ],
    "insertion": [
        0.30094857821155707,
        [
            0.4818871621172875,
            0.20842247549184958,
            0.12481137236744742
        ]
    ]
}