{
    "hparams": {
        "loss": "margin",
        "input_dropout": 0.5,
        "hidden_state": 500,
        "hidden_layers": 1,
        "hidden_dropout": 0.2,
        "num_epochs": 50,
        "margin": 6.0,
        "lr": 0.001,
        "l2_reg_lambda": 0.0,
        "use_bn": false,
        "task": "insertion",
        "bidirectional": false,
        "dpout_model": 0.1
    },
    "discrimination": [
        0.9289373814041746,
        [
            0.8893305439330544,
            0.9229050279329609,
            0.979345088161209
        ]
    ],
    "insertion": [
        0.3050433412294571,
        [
            0.48092000398485746,
            0.2243385898212766,
            0.12967081151908655
        ]
    ]
}