{
    "hparams": {
        "loss": "margin",
        "input_dropout": 0.5,
        "hidden_state": 500,
        "hidden_layers": 1,
        "hidden_dropout": 0.2,
        "num_epochs": 50,
        "margin": 6.0,
        "lr": 0.001,
        "l2_reg_lambda": 0.1,
        "use_bn": false,
        "task": "insertion",
        "bidirectional": false,
        "dpout_model": 0.0
    },
    "discrimination": [
        0.7691650853889943,
        [
            0.6901673640167364,
            0.7527932960893855,
            0.8716624685138539
        ]
    ],
    "insertion": [
        0.19603504597856639,
        [
            0.33109849239556344,
            0.12139822225653385,
            0.06706694537131003
        ]
    ]
}