{
    "hparams": {
        "loss": "margin",
        "input_dropout": 0.5,
        "hidden_state": 500,
        "hidden_layers": 1,
        "hidden_dropout": 0.2,
        "num_epochs": 50,
        "margin": 6.0,
        "lr": 0.001,
        "l2_reg_lambda": 0.1,
        "use_bn": false,
        "task": "insertion",
        "bidirectional": false,
        "dpout_model": 0.05
    },
    "discrimination": [
        0.7722485768500948,
        [
            0.697907949790795,
            0.7567039106145251,
            0.8687657430730479
        ]
    ],
    "insertion": [
        0.1948586418788694,
        [
            0.32910274291027414,
            0.12358620834458388,
            0.06536011621042007
        ]
    ]
}