{
    "hparams": {
        "loss": "margin",
        "input_dropout": 0.5,
        "hidden_state": 500,
        "hidden_layers": 1,
        "hidden_dropout": 0.2,
        "num_epochs": 50,
        "margin": 6.0,
        "lr": 0.001,
        "l2_reg_lambda": 0.1,
        "use_bn": false,
        "task": "insertion",
        "bidirectional": false,
        "dpout_model": 0.1
    },
    "discrimination": [
        0.7765654648956357,
        [
            0.719979079497908,
            0.7519553072625699,
            0.8557934508816121
        ]
    ],
    "insertion": [
        0.19286726395624204,
        [
            0.3316621837019325,
            0.12374402773009582,
            0.05692038145256479
        ]
    ]
}