{
    "hparams": {
        "loss": "margin",
        "input_dropout": 0.5,
        "hidden_state": 500,
        "hidden_layers": 1,
        "hidden_dropout": 0.30000000000000004,
        "num_epochs": 50,
        "margin": 4.0,
        "lr": 0.001,
        "l2_reg_lambda": 0.0,
        "use_bn": false,
        "task": "insertion",
        "bidirectional": false,
        "dpout_model": 0.0
    },
    "discrimination": [
        0.9257590132827325,
        [
            0.8801255230125523,
            0.9276536312849162,
            0.9798488664987406
        ]
    ],
    "insertion": [
        0.30297897163909404,
        [
            0.4793418343627545,
            0.2163610009053391,
            0.12968720433287856
        ]
    ]
}