{
    "hparams": {
        "loss": "margin",
        "input_dropout": 0.5,
        "hidden_state": 500,
        "hidden_layers": 1,
        "hidden_dropout": 0.30000000000000004,
        "num_epochs": 50,
        "margin": 4.0,
        "lr": 0.001,
        "l2_reg_lambda": 0.0,
        "use_bn": false,
        "task": "insertion",
        "bidirectional": false,
        "dpout_model": 0.05
    },
    "discrimination": [
        0.9229127134724858,
        [
            0.8747907949790795,
            0.9284916201117318,
            0.9783375314861461
        ]
    ],
    "insertion": [
        0.30113247038109975,
        [
            0.4815293551172211,
            0.20993144925768556,
            0.12505003178468946
        ]
    ]
}