{
    "hparams": {
        "loss": "margin",
        "input_dropout": 0.5,
        "hidden_state": 500,
        "hidden_layers": 1,
        "hidden_dropout": 0.30000000000000004,
        "num_epochs": 50,
        "margin": 4.0,
        "lr": 0.001,
        "l2_reg_lambda": 0.0,
        "use_bn": false,
        "task": "insertion",
        "bidirectional": false,
        "dpout_model": 0.1
    },
    "discrimination": [
        0.9258064516129032,
        [
            0.8842050209205021,
            0.9268156424581006,
            0.97544080604534
        ]
    ],
    "insertion": [
        0.30397176204966064,
        [
            0.4850111243939693,
            0.20921796132849976,
            0.12871764398544963
        ]
    ]
}