{
    "hparams": {
        "loss": "margin",
        "input_dropout": 0.5,
        "hidden_state": 500,
        "hidden_layers": 1,
        "hidden_dropout": 0.30000000000000004,
        "num_epochs": 50,
        "margin": 4.0,
        "lr": 0.001,
        "l2_reg_lambda": 0.1,
        "use_bn": false,
        "task": "insertion",
        "bidirectional": false,
        "dpout_model": 0.0
    },
    "discrimination": [
        0.7826375711574952,
        [
            0.6941422594142259,
            0.7650837988826815,
            0.8971032745591939
        ]
    ],
    "insertion": [
        0.19194601178250062,
        [
            0.3158115826525869,
            0.12431949232868512,
            0.07329967451885254
        ]
    ]
}