{
    "hparams": {
        "loss": "margin",
        "input_dropout": 0.5,
        "hidden_state": 500,
        "hidden_layers": 1,
        "hidden_dropout": 0.30000000000000004,
        "num_epochs": 50,
        "margin": 4.0,
        "lr": 0.001,
        "l2_reg_lambda": 0.1,
        "use_bn": false,
        "task": "insertion",
        "bidirectional": false,
        "dpout_model": 0.05
    },
    "discrimination": [
        0.7878083491461101,
        [
            0.7038702928870293,
            0.7695530726256983,
            0.8971032745591939
        ]
    ],
    "insertion": [
        0.1962618487140847,
        [
            0.3280475858404727,
            0.11718212514799156,
            0.07324343101110531
        ]
    ]
}