{
    "hparams": {
        "loss": "margin",
        "input_dropout": 0.5,
        "hidden_state": 500,
        "hidden_layers": 1,
        "hidden_dropout": 0.30000000000000004,
        "num_epochs": 50,
        "margin": 4.0,
        "lr": 0.001,
        "l2_reg_lambda": 0.1,
        "use_bn": false,
        "task": "insertion",
        "bidirectional": false,
        "dpout_model": 0.1
    },
    "discrimination": [
        0.793168880455408,
        [
            0.7232217573221758,
            0.7729050279329609,
            0.8865239294710328
        ]
    ],
    "insertion": [
        0.2005907524316113,
        [
            0.3379599189745633,
            0.1264876624673484,
            0.06860584436126378
        ]
    ]
}