{
    "hparams": {
        "loss": "margin",
        "input_dropout": 0.5,
        "hidden_state": 500,
        "hidden_layers": 1,
        "hidden_dropout": 0.30000000000000004,
        "num_epochs": 50,
        "margin": 5.0,
        "lr": 0.001,
        "l2_reg_lambda": 0.0,
        "use_bn": false,
        "task": "insertion",
        "bidirectional": false,
        "dpout_model": 0.0
    },
    "discrimination": [
        0.9263282732447817,
        [
            0.8864016736401673,
            0.9125698324022347,
            0.9806045340050378
        ]
    ],
    "insertion": [
        0.3005536693113705,
        [
            0.4770878993159326,
            0.21645465190940577,
            0.1259198208800632
        ]
    ]
}