{
    "hparams": {
        "loss": "margin",
        "input_dropout": 0.5,
        "hidden_state": 500,
        "hidden_layers": 1,
        "hidden_dropout": 0.30000000000000004,
        "num_epochs": 50,
        "margin": 5.0,
        "lr": 0.001,
        "l2_reg_lambda": 0.0,
        "use_bn": false,
        "task": "insertion",
        "bidirectional": false,
        "dpout_model": 0.05
    },
    "discrimination": [
        0.9234345351043644,
        [
            0.8789748953974895,
            0.9198324022346369,
            0.9785894206549118
        ]
    ],
    "insertion": [
        0.2994692035658509,
        [
            0.47804924619778144,
            0.20468989695082374,
            0.12718768091100724
        ]
    ]
}