{
    "hparams": {
        "loss": "margin",
        "input_dropout": 0.5,
        "hidden_state": 500,
        "hidden_layers": 1,
        "hidden_dropout": 0.30000000000000004,
        "num_epochs": 50,
        "margin": 5.0,
        "lr": 0.001,
        "l2_reg_lambda": 0.0,
        "use_bn": false,
        "task": "insertion",
        "bidirectional": false,
        "dpout_model": 0.1
    },
    "discrimination": [
        0.9263282732447817,
        [
            0.8827405857740586,
            0.9192737430167598,
            0.9819899244332494
        ]
    ],
    "insertion": [
        0.3010232674594019,
        [
            0.4809847579199043,
            0.20835559704663936,
            0.12612634192732225
        ]
    ]
}