{
    "hparams": {
        "loss": "margin",
        "input_dropout": 0.5,
        "hidden_state": 500,
        "hidden_layers": 1,
        "hidden_dropout": 0.30000000000000004,
        "num_epochs": 50,
        "margin": 5.0,
        "lr": 0.001,
        "l2_reg_lambda": 0.1,
        "use_bn": false,
        "task": "insertion",
        "bidirectional": false,
        "dpout_model": 0.0
    },
    "discrimination": [
        0.7802182163187856,
        [
            0.6998953974895398,
            0.7519553072625699,
            0.8896725440806046
        ]
    ],
    "insertion": [
        0.19399683338316512,
        [
            0.3253843727170087,
            0.1191206627871017,
            0.06956255311897908
        ]
    ]
}