{
    "hparams": {
        "loss": "margin",
        "input_dropout": 0.5,
        "hidden_state": 500,
        "hidden_layers": 1,
        "hidden_dropout": 0.30000000000000004,
        "num_epochs": 50,
        "margin": 5.0,
        "lr": 0.001,
        "l2_reg_lambda": 0.1,
        "use_bn": false,
        "task": "insertion",
        "bidirectional": false,
        "dpout_model": 0.05
    },
    "discrimination": [
        0.7795066413662239,
        [
            0.697907949790795,
            0.7667597765363129,
            0.8835012594458438
        ]
    ],
    "insertion": [
        0.19695538358530762,
        [
            0.32482151158929407,
            0.13057210989155732,
            0.07293169795627943
        ]
    ]
}