{
    "hparams": {
        "loss": "margin",
        "input_dropout": 0.5,
        "hidden_state": 500,
        "hidden_layers": 1,
        "hidden_dropout": 0.30000000000000004,
        "num_epochs": 50,
        "margin": 5.0,
        "lr": 0.001,
        "l2_reg_lambda": 0.1,
        "use_bn": false,
        "task": "insertion",
        "bidirectional": false,
        "dpout_model": 0.1
    },
    "discrimination": [
        0.781404174573055,
        [
            0.7203974895397489,
            0.7572625698324023,
            0.8657430730478589
        ]
    ],
    "insertion": [
        0.19929863687708474,
        [
            0.3414948196851962,
            0.11918089655087427,
            0.06421375057006812
        ]
    ]
}