{
    "hparams": {
        "loss": "margin",
        "input_dropout": 0.5,
        "hidden_state": 500,
        "hidden_layers": 1,
        "hidden_dropout": 0.30000000000000004,
        "num_epochs": 50,
        "margin": 6.0,
        "lr": 0.001,
        "l2_reg_lambda": 0.0,
        "use_bn": false,
        "task": "insertion",
        "bidirectional": false,
        "dpout_model": 0.0
    },
    "discrimination": [
        0.9284155597722961,
        [
            0.8880753138075314,
            0.926536312849162,
            0.9778337531486146
        ]
    ],
    "insertion": [
        0.30252370922662053,
        [
            0.48025254034668247,
            0.20925825353653682,
            0.13058450341587846
        ]
    ]
}