{
    "hparams": {
        "loss": "margin",
        "input_dropout": 0.5,
        "hidden_state": 500,
        "hidden_layers": 1,
        "hidden_dropout": 0.30000000000000004,
        "num_epochs": 50,
        "margin": 6.0,
        "lr": 0.001,
        "l2_reg_lambda": 0.0,
        "use_bn": false,
        "task": "insertion",
        "bidirectional": false,
        "dpout_model": 0.05
    },
    "discrimination": [
        0.9259013282732448,
        [
            0.8832635983263598,
            0.924022346368715,
            0.9780856423173804
        ]
    ],
    "insertion": [
        0.30157774553705696,
        [
            0.4797735272630668,
            0.21192376330873666,
            0.127447970105915
        ]
    ]
}