{
    "hparams": {
        "loss": "margin",
        "input_dropout": 0.5,
        "hidden_state": 500,
        "hidden_layers": 1,
        "hidden_dropout": 0.30000000000000004,
        "num_epochs": 50,
        "margin": 6.0,
        "lr": 0.001,
        "l2_reg_lambda": 0.0,
        "use_bn": false,
        "task": "insertion",
        "bidirectional": false,
        "dpout_model": 0.1
    },
    "discrimination": [
        0.915607210626186,
        [
            0.8634937238493724,
            0.9173184357541899,
            0.9775818639798489
        ]
    ],
    "insertion": [
        0.29287449350607964,
        [
            0.4685287573885899,
            0.20487793726222733,
            0.12105747948041126
        ]
    ]
}