{
    "hparams": {
        "loss": "margin",
        "input_dropout": 0.5,
        "hidden_state": 500,
        "hidden_layers": 1,
        "hidden_dropout": 0.30000000000000004,
        "num_epochs": 50,
        "margin": 6.0,
        "lr": 0.001,
        "l2_reg_lambda": 0.1,
        "use_bn": false,
        "task": "insertion",
        "bidirectional": false,
        "dpout_model": 0.0
    },
    "discrimination": [
        0.7887096774193548,
        [
            0.7112970711297071,
            0.7706703910614525,
            0.8900503778337532
        ]
    ],
    "insertion": [
        0.19722742158990492,
        [
            0.3281015474530119,
            0.125029322626915,
            0.07220381340806632
        ]
    ]
}