{
    "hparams": {
        "loss": "margin",
        "input_dropout": 0.5,
        "hidden_state": 500,
        "hidden_layers": 1,
        "hidden_dropout": 0.30000000000000004,
        "num_epochs": 50,
        "margin": 6.0,
        "lr": 0.001,
        "l2_reg_lambda": 0.1,
        "use_bn": false,
        "task": "insertion",
        "bidirectional": false,
        "dpout_model": 0.05
    },
    "discrimination": [
        0.7840607210626186,
        [
            0.7098326359832636,
            0.7603351955307263,
            0.8841309823677582
        ]
    ],
    "insertion": [
        0.20146573380561372,
        [
            0.3403516636780235,
            0.12080849893755258,
            0.07060974025994893
        ]
    ]
}