{
    "hparams": {
        "loss": "margin",
        "input_dropout": 0.5,
        "hidden_state": 500,
        "hidden_layers": 1,
        "hidden_dropout": 0.30000000000000004,
        "num_epochs": 50,
        "margin": 6.0,
        "lr": 0.001,
        "l2_reg_lambda": 0.1,
        "use_bn": false,
        "task": "insertion",
        "bidirectional": false,
        "dpout_model": 0.1
    },
    "discrimination": [
        0.7800284629981025,
        [
            0.6949790794979079,
            0.7625698324022346,
            0.8903022670025189
        ]
    ],
    "insertion": [
        0.19494922237004456,
        [
            0.3237563923756391,
            0.11525842511279313,
            0.07579261140373182
        ]
    ]
}