{
    "hparams": {
        "loss": "margin",
        "input_dropout": 0.5,
        "hidden_state": 500,
        "hidden_layers": 1,
        "hidden_dropout": 0.4000000000000001,
        "num_epochs": 50,
        "margin": 4.0,
        "lr": 0.001,
        "l2_reg_lambda": 0.0,
        "use_bn": false,
        "task": "insertion",
        "bidirectional": false,
        "dpout_model": 0.0
    },
    "discrimination": [
        0.9238614800759013,
        [
            0.8803347280334728,
            0.9237430167597765,
            0.9763224181360202
        ]
    ],
    "insertion": [
        0.3038778323389145,
        [
            0.4868649133293482,
            0.21146208167131944,
            0.1252244183743609
        ]
    ]
}