{
    "hparams": {
        "loss": "margin",
        "input_dropout": 0.5,
        "hidden_state": 500,
        "hidden_layers": 1,
        "hidden_dropout": 0.4000000000000001,
        "num_epochs": 50,
        "margin": 4.0,
        "lr": 0.001,
        "l2_reg_lambda": 0.0,
        "use_bn": false,
        "task": "insertion",
        "bidirectional": false,
        "dpout_model": 0.05
    },
    "discrimination": [
        0.9251423149905124,
        [
            0.8835774058577406,
            0.9192737430167598,
            0.9778337531486146
        ]
    ],
    "insertion": [
        0.3027958268435883,
        [
            0.48412532376967526,
            0.21348185978809328,
            0.12473965700042457
        ]
    ]
}