{
    "hparams": {
        "loss": "margin",
        "input_dropout": 0.5,
        "hidden_state": 500,
        "hidden_layers": 1,
        "hidden_dropout": 0.4000000000000001,
        "num_epochs": 50,
        "margin": 4.0,
        "lr": 0.001,
        "l2_reg_lambda": 0.0,
        "use_bn": false,
        "task": "insertion",
        "bidirectional": false,
        "dpout_model": 0.1
    },
    "discrimination": [
        0.919876660341556,
        [
            0.872907949790795,
            0.9189944134078212,
            0.9768261964735516
        ]
    ],
    "insertion": [
        0.29252344432751753,
        [
            0.4687553961612537,
            0.20503387348843705,
            0.1197822861503628
        ]
    ]
}