{
    "hparams": {
        "loss": "margin",
        "input_dropout": 0.5,
        "hidden_state": 500,
        "hidden_layers": 1,
        "hidden_dropout": 0.4000000000000001,
        "num_epochs": 50,
        "margin": 4.0,
        "lr": 0.001,
        "l2_reg_lambda": 0.1,
        "use_bn": false,
        "task": "insertion",
        "bidirectional": false,
        "dpout_model": 0.0
    },
    "discrimination": [
        0.7661290322580645,
        [
            0.7119246861924686,
            0.7477653631284916,
            0.8396725440806045
        ]
    ],
    "insertion": [
        0.19299582678294627,
        [
            0.3339742312545659,
            0.11859640919757321,
            0.056798895826642964
        ]
    ]
}