{
    "hparams": {
        "loss": "margin",
        "input_dropout": 0.5,
        "hidden_state": 500,
        "hidden_layers": 1,
        "hidden_dropout": 0.4000000000000001,
        "num_epochs": 50,
        "margin": 4.0,
        "lr": 0.001,
        "l2_reg_lambda": 0.1,
        "use_bn": false,
        "task": "insertion",
        "bidirectional": false,
        "dpout_model": 0.05
    },
    "discrimination": [
        0.7694497153700189,
        [
            0.677092050209205,
            0.7544692737430168,
            0.8874055415617128
        ]
    ],
    "insertion": [
        0.18621293066702083,
        [
            0.3049163179916318,
            0.12512715996531304,
            0.07083291508626927
        ]
    ]
}