{
    "hparams": {
        "loss": "margin",
        "input_dropout": 0.5,
        "hidden_state": 500,
        "hidden_layers": 1,
        "hidden_dropout": 0.4000000000000001,
        "num_epochs": 50,
        "margin": 4.0,
        "lr": 0.001,
        "l2_reg_lambda": 0.1,
        "use_bn": false,
        "task": "insertion",
        "bidirectional": false,
        "dpout_model": 0.1
    },
    "discrimination": [
        0.7816413662239089,
        [
            0.7133891213389121,
            0.755586592178771,
            0.8755667506297229
        ]
    ],
    "insertion": [
        0.19812665953080147,
        [
            0.3345188284518828,
            0.12661541907481683,
            0.0661494688440115
        ]
    ]
}