{
    "hparams": {
        "loss": "margin",
        "input_dropout": 0.5,
        "hidden_state": 500,
        "hidden_layers": 1,
        "hidden_dropout": 0.4000000000000001,
        "num_epochs": 50,
        "margin": 5.0,
        "lr": 0.001,
        "l2_reg_lambda": 0.0,
        "use_bn": false,
        "task": "insertion",
        "bidirectional": false,
        "dpout_model": 0.0
    },
    "discrimination": [
        0.9259013282732448,
        [
            0.8851464435146443,
            0.920949720670391,
            0.9772040302267002
        ]
    ],
    "insertion": [
        0.30504267929731116,
        [
            0.4841610214518162,
            0.21119861179575455,
            0.1316913456270976
        ]
    ]
}