{
    "hparams": {
        "loss": "margin",
        "input_dropout": 0.5,
        "hidden_state": 500,
        "hidden_layers": 1,
        "hidden_dropout": 0.4000000000000001,
        "num_epochs": 50,
        "margin": 5.0,
        "lr": 0.001,
        "l2_reg_lambda": 0.0,
        "use_bn": false,
        "task": "insertion",
        "bidirectional": false,
        "dpout_model": 0.05
    },
    "discrimination": [
        0.9194971537001898,
        [
            0.87081589958159,
            0.9231843575418994,
            0.976448362720403
        ]
    ],
    "insertion": [
        0.2930183724010209,
        [
            0.4670410772398219,
            0.20662136960479144,
            0.12244459554353532
        ]
    ]
}