{
    "hparams": {
        "loss": "margin",
        "input_dropout": 0.5,
        "hidden_state": 500,
        "hidden_layers": 1,
        "hidden_dropout": 0.4000000000000001,
        "num_epochs": 50,
        "margin": 5.0,
        "lr": 0.001,
        "l2_reg_lambda": 0.0,
        "use_bn": false,
        "task": "insertion",
        "bidirectional": false,
        "dpout_model": 0.1
    },
    "discrimination": [
        0.9270872865275143,
        [
            0.8843096234309623,
            0.926536312849162,
            0.9788413098236776
        ]
    ],
    "insertion": [
        0.3084543050919659,
        [
            0.49422029620774366,
            0.20691019641198638,
            0.13057080811557956
        ]
    ]
}