{
    "hparams": {
        "loss": "margin",
        "input_dropout": 0.5,
        "hidden_state": 500,
        "hidden_layers": 1,
        "hidden_dropout": 0.4000000000000001,
        "num_epochs": 50,
        "margin": 5.0,
        "lr": 0.001,
        "l2_reg_lambda": 0.1,
        "use_bn": false,
        "task": "insertion",
        "bidirectional": false,
        "dpout_model": 0.0
    },
    "discrimination": [
        0.7852941176470588,
        [
            0.7082635983263599,
            0.764804469273743,
            0.8872795969773299
        ]
    ],
    "insertion": [
        0.19903480181632394,
        [
            0.3343046423590357,
            0.1270762673282693,
            0.06861060507563255
        ]
    ]
}