{
    "hparams": {
        "loss": "margin",
        "input_dropout": 0.5,
        "hidden_state": 500,
        "hidden_layers": 1,
        "hidden_dropout": 0.4000000000000001,
        "num_epochs": 50,
        "margin": 5.0,
        "lr": 0.001,
        "l2_reg_lambda": 0.1,
        "use_bn": false,
        "task": "insertion",
        "bidirectional": false,
        "dpout_model": 0.05
    },
    "discrimination": [
        0.7798387096774193,
        [
            0.7057531380753138,
            0.7653631284916201,
            0.8755667506297229
        ]
    ],
    "insertion": [
        0.19882461476884944,
        [
            0.34059490602377634,
            0.11935274144269763,
            0.06396130521098069
        ]
    ]
}