{
    "hparams": {
        "loss": "margin",
        "input_dropout": 0.5,
        "hidden_state": 500,
        "hidden_layers": 1,
        "hidden_dropout": 0.4000000000000001,
        "num_epochs": 50,
        "margin": 5.0,
        "lr": 0.001,
        "l2_reg_lambda": 0.1,
        "use_bn": false,
        "task": "insertion",
        "bidirectional": false,
        "dpout_model": 0.1
    },
    "discrimination": [
        0.7838709677419354,
        [
            0.6959205020920503,
            0.7670391061452514,
            0.8973551637279596
        ]
    ],
    "insertion": [
        0.1983404175955688,
        [
            0.3247534369396293,
            0.13435718871857893,
            0.07498418263970044
        ]
    ]
}