{
    "hparams": {
        "loss": "margin",
        "input_dropout": 0.5,
        "hidden_state": 500,
        "hidden_layers": 1,
        "hidden_dropout": 0.4000000000000001,
        "num_epochs": 50,
        "margin": 6.0,
        "lr": 0.001,
        "l2_reg_lambda": 0.0,
        "use_bn": false,
        "task": "insertion",
        "bidirectional": false,
        "dpout_model": 0.0
    },
    "discrimination": [
        0.9203984819734345,
        [
            0.8756276150627615,
            0.9173184357541899,
            0.9756926952141058
        ]
    ],
    "insertion": [
        0.2930389176800725,
        [
            0.4675997874742641,
            0.2038151644273114,
            0.12309170375216481
        ]
    ]
}