{
    "hparams": {
        "loss": "margin",
        "input_dropout": 0.5,
        "hidden_state": 500,
        "hidden_layers": 1,
        "hidden_dropout": 0.4000000000000001,
        "num_epochs": 50,
        "margin": 6.0,
        "lr": 0.001,
        "l2_reg_lambda": 0.0,
        "use_bn": false,
        "task": "insertion",
        "bidirectional": false,
        "dpout_model": 0.05
    },
    "discrimination": [
        0.9303130929791271,
        [
            0.8889121338912134,
            0.9290502793296089,
            0.9807304785894206
        ]
    ],
    "insertion": [
        0.3124241023790151,
        [
            0.4978423656770935,
            0.21919521886637955,
            0.13121009807745407
        ]
    ]
}