{
    "hparams": {
        "loss": "margin",
        "input_dropout": 0.5,
        "hidden_state": 500,
        "hidden_layers": 1,
        "hidden_dropout": 0.4000000000000001,
        "num_epochs": 50,
        "margin": 6.0,
        "lr": 0.001,
        "l2_reg_lambda": 0.0,
        "use_bn": false,
        "task": "insertion",
        "bidirectional": false,
        "dpout_model": 0.1
    },
    "discrimination": [
        0.9145161290322581,
        [
            0.8616108786610879,
            0.9159217877094972,
            0.9775818639798489
        ]
    ],
    "insertion": [
        0.2874298128478555,
        [
            0.4604096101481037,
            0.19755376565116783,
            0.1196803653382546
        ]
    ]
}