{
    "hparams": {
        "loss": "margin",
        "input_dropout": 0.5,
        "hidden_state": 500,
        "hidden_layers": 1,
        "hidden_dropout": 0.4000000000000001,
        "num_epochs": 50,
        "margin": 6.0,
        "lr": 0.001,
        "l2_reg_lambda": 0.1,
        "use_bn": false,
        "task": "insertion",
        "bidirectional": false,
        "dpout_model": 0.0
    },
    "discrimination": [
        0.7800759013282732,
        [
            0.7105648535564854,
            0.7522346368715084,
            0.8763224181360202
        ]
    ],
    "insertion": [
        0.20131329169478202,
        [
            0.33996646078236026,
            0.12709816127798723,
            0.06783292272940125
        ]
    ]
}