{
    "hparams": {
        "loss": "margin",
        "input_dropout": 0.5,
        "hidden_state": 500,
        "hidden_layers": 1,
        "hidden_dropout": 0.4000000000000001,
        "num_epochs": 50,
        "margin": 6.0,
        "lr": 0.001,
        "l2_reg_lambda": 0.1,
        "use_bn": false,
        "task": "insertion",
        "bidirectional": false,
        "dpout_model": 0.05
    },
    "discrimination": [
        0.7774193548387097,
        [
            0.6948744769874478,
            0.761731843575419,
            0.8838790931989925
        ]
    ],
    "insertion": [
        0.1918452615870082,
        [
            0.31975078036793514,
            0.12176578758963696,
            0.06944069702339706
        ]
    ]
}