{
    "hparams": {
        "loss": "margin",
        "input_dropout": 0.5,
        "hidden_state": 500,
        "hidden_layers": 1,
        "hidden_dropout": 0.4000000000000001,
        "num_epochs": 50,
        "margin": 6.0,
        "lr": 0.001,
        "l2_reg_lambda": 0.1,
        "use_bn": false,
        "task": "insertion",
        "bidirectional": false,
        "dpout_model": 0.1
    },
    "discrimination": [
        0.7827324478178368,
        [
            0.7005230125523012,
            0.7656424581005586,
            0.8894206549118387
        ]
    ],
    "insertion": [
        0.19582928743403566,
        [
            0.32904629076177183,
            0.12392318138033061,
            0.0678531297336712
        ]
    ]
}