{
    "hparams": {
        "loss": "margin",
        "input_dropout": 0.5,
        "hidden_state": 500,
        "hidden_layers": 2,
        "hidden_dropout": 0.2,
        "num_epochs": 50,
        "margin": 4.0,
        "lr": 0.001,
        "l2_reg_lambda": 0.0,
        "use_bn": false,
        "task": "insertion",
        "bidirectional": false,
        "dpout_model": 0.0
    },
    "discrimination": [
        0.9251423149905124,
        [
            0.8850418410041841,
            0.9256983240223464,
            0.9731738035264483
        ]
    ],
    "insertion": [
        0.305025178616618,
        [
            0.49106893803546525,
            0.21378899709235083,
            0.12215958539403565
        ]
    ]
}