{
    "hparams": {
        "loss": "margin",
        "input_dropout": 0.5,
        "hidden_state": 500,
        "hidden_layers": 2,
        "hidden_dropout": 0.2,
        "num_epochs": 50,
        "margin": 4.0,
        "lr": 0.001,
        "l2_reg_lambda": 0.0,
        "use_bn": false,
        "task": "insertion",
        "bidirectional": false,
        "dpout_model": 0.05
    },
    "discrimination": [
        0.9182637571157495,
        [
            0.8679916317991632,
            0.9243016759776537,
            0.9760705289672544
        ]
    ],
    "insertion": [
        0.2941129946794645,
        [
            0.4664076509264791,
            0.209060530761112,
            0.12501361270292072
        ]
    ]
}