{
    "hparams": {
        "loss": "margin",
        "input_dropout": 0.5,
        "hidden_state": 500,
        "hidden_layers": 2,
        "hidden_dropout": 0.2,
        "num_epochs": 50,
        "margin": 4.0,
        "lr": 0.001,
        "l2_reg_lambda": 0.0,
        "use_bn": false,
        "task": "insertion",
        "bidirectional": false,
        "dpout_model": 0.1
    },
    "discrimination": [
        0.9167931688804554,
        [
            0.8688284518828452,
            0.9192737430167598,
            0.9734256926952141
        ]
    ],
    "insertion": [
        0.2914509283046894,
        [
            0.4640980939098091,
            0.21481386486380688,
            0.11813276507212203
        ]
    ]
}