{
    "hparams": {
        "loss": "margin",
        "input_dropout": 0.5,
        "hidden_state": 500,
        "hidden_layers": 2,
        "hidden_dropout": 0.2,
        "num_epochs": 50,
        "margin": 4.0,
        "lr": 0.001,
        "l2_reg_lambda": 0.1,
        "use_bn": false,
        "task": "insertion",
        "bidirectional": false,
        "dpout_model": 0.0
    },
    "discrimination": [
        0.7652751423149905,
        [
            0.668305439330544,
            0.7505586592178771,
            0.8886649874055416
        ]
    ],
    "insertion": [
        0.18689149259402874,
        [
            0.3104818356910407,
            0.12468826390510317,
            0.06613127580547952
        ]
    ]
}