{
    "hparams": {
        "loss": "margin",
        "input_dropout": 0.5,
        "hidden_state": 500,
        "hidden_layers": 2,
        "hidden_dropout": 0.2,
        "num_epochs": 50,
        "margin": 4.0,
        "lr": 0.001,
        "l2_reg_lambda": 0.1,
        "use_bn": false,
        "task": "insertion",
        "bidirectional": false,
        "dpout_model": 0.05
    },
    "discrimination": [
        0.7606261859582543,
        [
            0.6708158995815899,
            0.7416201117318436,
            0.8773299748110831
        ]
    ],
    "insertion": [
        0.18329356226859123,
        [
            0.3041467423789601,
            0.11812933361461476,
            0.067164032889008
        ]
    ]
}