{
    "hparams": {
        "loss": "margin",
        "input_dropout": 0.5,
        "hidden_state": 500,
        "hidden_layers": 2,
        "hidden_dropout": 0.2,
        "num_epochs": 50,
        "margin": 4.0,
        "lr": 0.001,
        "l2_reg_lambda": 0.1,
        "use_bn": false,
        "task": "insertion",
        "bidirectional": false,
        "dpout_model": 0.1
    },
    "discrimination": [
        0.7297438330170778,
        [
            0.630857740585774,
            0.7276536312849162,
            0.8497481108312342
        ]
    ],
    "insertion": [
        0.16764258718684397,
        [
            0.28157003387128926,
            0.1153133807941217,
            0.054064774665766945
        ]
    ]
}