{
    "hparams": {
        "loss": "margin",
        "input_dropout": 0.5,
        "hidden_state": 500,
        "hidden_layers": 2,
        "hidden_dropout": 0.2,
        "num_epochs": 50,
        "margin": 5.0,
        "lr": 0.001,
        "l2_reg_lambda": 0.0,
        "use_bn": false,
        "task": "insertion",
        "bidirectional": false,
        "dpout_model": 0.0
    },
    "discrimination": [
        0.9250948766603415,
        [
            0.8855648535564854,
            0.9251396648044693,
            0.9726700251889169
        ]
    ],
    "insertion": [
        0.3007427815595283,
        [
            0.4838463837417812,
            0.20776142144576173,
            0.12220409545687687
        ]
    ]
}