{
    "hparams": {
        "loss": "margin",
        "input_dropout": 0.5,
        "hidden_state": 500,
        "hidden_layers": 2,
        "hidden_dropout": 0.2,
        "num_epochs": 50,
        "margin": 5.0,
        "lr": 0.001,
        "l2_reg_lambda": 0.0,
        "use_bn": false,
        "task": "insertion",
        "bidirectional": false,
        "dpout_model": 0.05
    },
    "discrimination": [
        0.9204933586337761,
        [
            0.8773012552301255,
            0.9173184357541899,
            0.9739294710327456
        ]
    ],
    "insertion": [
        0.3020792670053604,
        [
            0.48419173806203075,
            0.21430658924972878,
            0.1223854336380296
        ]
    ]
}