{
    "hparams": {
        "loss": "margin",
        "input_dropout": 0.5,
        "hidden_state": 500,
        "hidden_layers": 2,
        "hidden_dropout": 0.2,
        "num_epochs": 50,
        "margin": 5.0,
        "lr": 0.001,
        "l2_reg_lambda": 0.0,
        "use_bn": false,
        "task": "insertion",
        "bidirectional": false,
        "dpout_model": 0.1
    },
    "discrimination": [
        0.9223434535104365,
        [
            0.876673640167364,
            0.9212290502793297,
            0.9778337531486146
        ]
    ],
    "insertion": [
        0.3025327645047168,
        [
            0.48518297137544,
            0.21324990570692534,
            0.12287239382612479
        ]
    ]
}