{
    "hparams": {
        "loss": "margin",
        "input_dropout": 0.5,
        "hidden_state": 500,
        "hidden_layers": 2,
        "hidden_dropout": 0.2,
        "num_epochs": 50,
        "margin": 5.0,
        "lr": 0.001,
        "l2_reg_lambda": 0.1,
        "use_bn": false,
        "task": "insertion",
        "bidirectional": false,
        "dpout_model": 0.0
    },
    "discrimination": [
        0.769022770398482,
        [
            0.6892259414225942,
            0.7458100558659218,
            0.8755667506297229
        ]
    ],
    "insertion": [
        0.18807503797319997,
        [
            0.31859434150229127,
            0.11623924234899378,
            0.06331529069316784
        ]
    ]
}