{
    "hparams": {
        "loss": "margin",
        "input_dropout": 0.5,
        "hidden_state": 500,
        "hidden_layers": 2,
        "hidden_dropout": 0.2,
        "num_epochs": 50,
        "margin": 5.0,
        "lr": 0.001,
        "l2_reg_lambda": 0.1,
        "use_bn": false,
        "task": "insertion",
        "bidirectional": false,
        "dpout_model": 0.05
    },
    "discrimination": [
        0.7591555977229602,
        [
            0.6600418410041841,
            0.7435754189944134,
            0.8855163727959697
        ]
    ],
    "insertion": [
        0.17880933298123702,
        [
            0.2953725841801156,
            0.11753002228835455,
            0.06609336960834532
        ]
    ]
}