{
    "hparams": {
        "loss": "margin",
        "input_dropout": 0.5,
        "hidden_state": 500,
        "hidden_layers": 2,
        "hidden_dropout": 0.2,
        "num_epochs": 50,
        "margin": 5.0,
        "lr": 0.001,
        "l2_reg_lambda": 0.1,
        "use_bn": false,
        "task": "insertion",
        "bidirectional": false,
        "dpout_model": 0.1
    },
    "discrimination": [
        0.7626185958254269,
        [
            0.6805439330543933,
            0.7424581005586592,
            0.8705289672544081
        ]
    ],
    "insertion": [
        0.18321150705508799,
        [
            0.3075712293285516,
            0.12104198414907193,
            0.06150973716456224
        ]
    ]
}