{
    "hparams": {
        "loss": "margin",
        "input_dropout": 0.5,
        "hidden_state": 500,
        "hidden_layers": 1,
        "hidden_dropout": 0.2,
        "num_epochs": 50,
        "margin": 4.0,
        "lr": 0.001,
        "l2_reg_lambda": 0.0,
        "use_bn": false,
        "task": "discrimination",
        "bidirectional": false,
        "dpout_model": 0.05
    },
    "discrimination": [
        0.9264705882352942,
        [
            0.8835774058577406,
            0.9243016759776537,
            0.9790931989924433
        ]
    ],
    "insertion": [
        0.305920302564843,
        [
            0.4844283389785482,
            0.21898910991133005,
            0.1301869072984141
        ]
    ]
}