{
    "hparams": {
        "loss": "margin",
        "input_dropout": 0.5,
        "hidden_state": 500,
        "hidden_layers": 1,
        "hidden_dropout": 0.2,
        "num_epochs": 50,
        "margin": 4.0,
        "lr": 0.001,
        "l2_reg_lambda": 0.0,
        "use_bn": false,
        "task": "discrimination",
        "bidirectional": false,
        "dpout_model": 0.1
    },
    "discrimination": [
        0.9249525616698292,
        [
            0.8799163179916318,
            0.9231843575418994,
            0.9799748110831235
        ]
    ],
    "insertion": [
        0.3028405004715941,
        [
            0.48523693298797876,
            0.20683997072797083,
            0.12651455609193837
        ]
    ]
}