{
    "hparams": {
        "loss": "margin",
        "input_dropout": 0.5,
        "hidden_state": 500,
        "hidden_layers": 1,
        "hidden_dropout": 0.2,
        "num_epochs": 50,
        "margin": 4.0,
        "lr": 0.001,
        "l2_reg_lambda": 0.1,
        "use_bn": false,
        "task": "discrimination",
        "bidirectional": false,
        "dpout_model": 0.0
    },
    "discrimination": [
        0.7701612903225806,
        [
            0.7056485355648535,
            0.7418994413407821,
            0.8605793450881613
        ]
    ],
    "insertion": [
        0.19519233199999508,
        [
            0.33272481237962387,
            0.1242224453215598,
            0.06159808538532854
        ]
    ]
}