{
    "hparams": {
        "loss": "margin",
        "input_dropout": 0.5,
        "hidden_state": 500,
        "hidden_layers": 1,
        "hidden_dropout": 0.2,
        "num_epochs": 50,
        "margin": 4.0,
        "lr": 0.001,
        "l2_reg_lambda": 0.1,
        "use_bn": false,
        "task": "discrimination",
        "bidirectional": false,
        "dpout_model": 0.05
    },
    "discrimination": [
        0.7659867172675522,
        [
            0.6950836820083682,
            0.7458100558659218,
            0.8604534005037784
        ]
    ],
    "insertion": [
        0.19488681499348753,
        [
            0.33334080494122326,
            0.1170601264420988,
            0.06327464888689033
        ]
    ]
}