{
    "hparams": {
        "loss": "margin",
        "input_dropout": 0.5,
        "hidden_state": 500,
        "hidden_layers": 1,
        "hidden_dropout": 0.2,
        "num_epochs": 50,
        "margin": 5.0,
        "lr": 0.001,
        "l2_reg_lambda": 0.1,
        "use_bn": false,
        "task": "discrimination",
        "bidirectional": false,
        "dpout_model": 0.1
    },
    "discrimination": [
        0.763045540796964,
        [
            0.6940376569037657,
            0.740782122905028,
            0.8561712846347607
        ]
    ],
    "insertion": [
        0.1952295604075424,
        [
            0.3347122600783687,
            0.11843801632812653,
            0.06191206909157385
        ]
    ]
}