{
    "hparams": {
        "loss": "margin",
        "input_dropout": 0.5,
        "hidden_state": 500,
        "hidden_layers": 1,
        "hidden_dropout": 0.2,
        "num_epochs": 50,
        "margin": 6.0,
        "lr": 0.001,
        "l2_reg_lambda": 0.0,
        "use_bn": false,
        "task": "discrimination",
        "bidirectional": false,
        "dpout_model": 0.0
    },
    "discrimination": [
        0.9209203036053131,
        [
            0.8752092050209205,
            0.9181564245810055,
            0.9772040302267002
        ]
    ],
    "insertion": [
        0.2987796655238632,
        [
            0.47324251178853655,
            0.2130443749634473,
            0.12737759120598063
        ]
    ]
}