{
    "hparams": {
        "loss": "margin",
        "input_dropout": 0.5,
        "hidden_state": 500,
        "hidden_layers": 1,
        "hidden_dropout": 0.2,
        "num_epochs": 50,
        "margin": 6.0,
        "lr": 0.001,
        "l2_reg_lambda": 0.0,
        "use_bn": false,
        "task": "discrimination",
        "bidirectional": false,
        "dpout_model": 0.05
    },
    "discrimination": [
        0.9264231499051233,
        [
            0.882112970711297,
            0.9310055865921788,
            0.9777078085642318
        ]
    ],
    "insertion": [
        0.3016343245258465,
        [
            0.47688284518828405,
            0.221097393587535,
            0.1269424297180696
        ]
    ]
}