{
    "hparams": {
        "loss": "margin",
        "input_dropout": 0.5,
        "hidden_state": 500,
        "hidden_layers": 1,
        "hidden_dropout": 0.2,
        "num_epochs": 50,
        "margin": 6.0,
        "lr": 0.001,
        "l2_reg_lambda": 0.0,
        "use_bn": false,
        "task": "discrimination",
        "bidirectional": false,
        "dpout_model": 0.1
    },
    "discrimination": [
        0.926280834914611,
        [
            0.8833682008368201,
            0.926536312849162,
            0.9778337531486146
        ]
    ],
    "insertion": [
        0.3032734236296886,
        [
            0.48104204024706093,
            0.21462288163453047,
            0.12920553515117314
        ]
    ]
}