{
    "hparams": {
        "loss": "margin",
        "input_dropout": 0.5,
        "hidden_state": 500,
        "hidden_layers": 1,
        "hidden_dropout": 0.2,
        "num_epochs": 50,
        "margin": 6.0,
        "lr": 0.001,
        "l2_reg_lambda": 0.1,
        "use_bn": false,
        "task": "discrimination",
        "bidirectional": false,
        "dpout_model": 0.0
    },
    "discrimination": [
        0.7870018975332068,
        [
            0.7213389121338912,
            0.7589385474860335,
            0.8787153652392947
        ]
    ],
    "insertion": [
        0.18950167583991237,
        [
            0.32255429368400074,
            0.11380701224410682,
            0.06343163416277116
        ]
    ]
}