{
    "hparams": {
        "loss": "margin",
        "input_dropout": 0.5,
        "hidden_state": 500,
        "hidden_layers": 1,
        "hidden_dropout": 0.2,
        "num_epochs": 50,
        "margin": 6.0,
        "lr": 0.001,
        "l2_reg_lambda": 0.1,
        "use_bn": false,
        "task": "discrimination",
        "bidirectional": false,
        "dpout_model": 0.05
    },
    "discrimination": [
        0.7757590132827324,
        [
            0.6964435146443515,
            0.7508379888268156,
            0.8824937027707809
        ]
    ],
    "insertion": [
        0.1959147255474089,
        [
            0.326517566580328,
            0.1228137794082931,
            0.07162482969140488
        ]
    ]
}