{
    "hparams": {
        "loss": "margin",
        "input_dropout": 0.5,
        "hidden_state": 500,
        "hidden_layers": 1,
        "hidden_dropout": 0.2,
        "num_epochs": 50,
        "margin": 6.0,
        "lr": 0.001,
        "l2_reg_lambda": 0.1,
        "use_bn": false,
        "task": "discrimination",
        "bidirectional": false,
        "dpout_model": 0.1
    },
    "discrimination": [
        0.7751423149905123,
        [
            0.7034518828451883,
            0.759217877094972,
            0.868639798488665
        ]
    ],
    "insertion": [
        0.19047820017993236,
        [
            0.32266553762369665,
            0.12025112189315618,
            0.0629847485809742
        ]
    ]
}