{
    "hparams": {
        "loss": "margin",
        "input_dropout": 0.5,
        "hidden_state": 500,
        "hidden_layers": 1,
        "hidden_dropout": 0.30000000000000004,
        "num_epochs": 50,
        "margin": 4.0,
        "lr": 0.001,
        "l2_reg_lambda": 0.0,
        "use_bn": false,
        "task": "discrimination",
        "bidirectional": false,
        "dpout_model": 0.05
    },
    "discrimination": [
        0.9257115749525616,
        [
            0.8817991631799164,
            0.9254189944134078,
            0.9787153652392947
        ]
    ],
    "insertion": [
        0.2985088454753106,
        [
            0.4730291558743439,
            0.2057276958646798,
            0.130214430889832
        ]
    ]
}