{
    "hparams": {
        "loss": "margin",
        "input_dropout": 0.5,
        "hidden_state": 500,
        "hidden_layers": 1,
        "hidden_dropout": 0.30000000000000004,
        "num_epochs": 50,
        "margin": 4.0,
        "lr": 0.001,
        "l2_reg_lambda": 0.1,
        "use_bn": false,
        "task": "discrimination",
        "bidirectional": false,
        "dpout_model": 0.0
    },
    "discrimination": [
        0.7838709677419354,
        [
            0.7111924686192469,
            0.7594972067039106,
            0.882367758186398
        ]
    ],
    "insertion": [
        0.19749369059383962,
        [
            0.3317178056717805,
            0.12767231245749674,
            0.06736497442041298
        ]
    ]
}