{
    "hparams": {
        "loss": "margin",
        "input_dropout": 0.5,
        "hidden_state": 500,
        "hidden_layers": 1,
        "hidden_dropout": 0.30000000000000004,
        "num_epochs": 50,
        "margin": 5.0,
        "lr": 0.001,
        "l2_reg_lambda": 0.0,
        "use_bn": false,
        "task": "discrimination",
        "bidirectional": false,
        "dpout_model": 0.05
    },
    "discrimination": [
        0.9264231499051233,
        [
            0.8812761506276151,
            0.9290502793296089,
            0.9795969773299749
        ]
    ],
    "insertion": [
        0.30051128244075315,
        [
            0.4745840804941221,
            0.21676163192974865,
            0.1286835493726408
        ]
    ]
}