{
    "hparams": {
        "loss": "margin",
        "input_dropout": 0.5,
        "hidden_state": 500,
        "hidden_layers": 1,
        "hidden_dropout": 0.30000000000000004,
        "num_epochs": 50,
        "margin": 6.0,
        "lr": 0.001,
        "l2_reg_lambda": 0.0,
        "use_bn": false,
        "task": "discrimination",
        "bidirectional": false,
        "dpout_model": 0.05
    },
    "discrimination": [
        0.9247153700189753,
        [
            0.8813807531380753,
            0.920949720670391,
            0.9785894206549118
        ]
    ],
    "insertion": [
        0.29671221223449235,
        [
            0.47110729228930015,
            0.20447256429817784,
            0.12832442562089574
        ]
    ]
}