{
    "hparams": {
        "loss": "margin",
        "input_dropout": 0.5,
        "hidden_state": 500,
        "hidden_layers": 1,
        "hidden_dropout": 0.30000000000000004,
        "num_epochs": 50,
        "margin": 6.0,
        "lr": 0.001,
        "l2_reg_lambda": 0.1,
        "use_bn": false,
        "task": "discrimination",
        "bidirectional": false,
        "dpout_model": 0.0
    },
    "discrimination": [
        0.7800759013282732,
        [
            0.7035564853556485,
            0.7547486033519553,
            0.8836272040302267
        ]
    ],
    "insertion": [
        0.1958486505702795,
        [
            0.33013880587102357,
            0.11941751080996456,
            0.0686206399489715
        ]
    ]
}