{
    "hparams": {
        "loss": "margin",
        "input_dropout": 0.5,
        "hidden_state": 500,
        "hidden_layers": 1,
        "hidden_dropout": 0.30000000000000004,
        "num_epochs": 50,
        "margin": 6.0,
        "lr": 0.001,
        "l2_reg_lambda": 0.1,
        "use_bn": false,
        "task": "discrimination",
        "bidirectional": false,
        "dpout_model": 0.05
    },
    "discrimination": [
        0.7671252371916508,
        [
            0.7032426778242677,
            0.7402234636871509,
            0.8561712846347607
        ]
    ],
    "insertion": [
        0.19101794307117265,
        [
            0.32631500298864297,
            0.1210331794896023,
            0.05967103637230683
        ]
    ]
}