{
    "hparams": {
        "loss": "margin",
        "input_dropout": 0.5,
        "hidden_state": 500,
        "hidden_layers": 1,
        "hidden_dropout": 0.4000000000000001,
        "num_epochs": 50,
        "margin": 4.0,
        "lr": 0.001,
        "l2_reg_lambda": 0.0,
        "use_bn": false,
        "task": "discrimination",
        "bidirectional": false,
        "dpout_model": 0.0
    },
    "discrimination": [
        0.9268500948766604,
        [
            0.8865062761506276,
            0.9215083798882682,
            0.9778337531486146
        ]
    ],
    "insertion": [
        0.30820852086695794,
        [
            0.4897423125456596,
            0.2191411831543628,
            0.12979517333077442
        ]
    ]
}