{
    "hparams": {
        "loss": "margin",
        "input_dropout": 0.5,
        "hidden_state": 500,
        "hidden_layers": 1,
        "hidden_dropout": 0.4000000000000001,
        "num_epochs": 50,
        "margin": 4.0,
        "lr": 0.001,
        "l2_reg_lambda": 0.1,
        "use_bn": false,
        "task": "discrimination",
        "bidirectional": false,
        "dpout_model": 0.1
    },
    "discrimination": [
        0.783111954459203,
        [
            0.7264644351464435,
            0.764804469273743,
            0.8595717884130982
        ]
    ],
    "insertion": [
        0.20154822151992735,
        [
            0.3469308295145113,
            0.123111505163713,
            0.06186884017572393
        ]
    ]
}