{
    "hparams": {
        "loss": "margin",
        "input_dropout": 0.5,
        "hidden_state": 500,
        "hidden_layers": 1,
        "hidden_dropout": 0.4000000000000001,
        "num_epochs": 50,
        "margin": 5.0,
        "lr": 0.001,
        "l2_reg_lambda": 0.1,
        "use_bn": false,
        "task": "discrimination",
        "bidirectional": false,
        "dpout_model": 0.0
    },
    "discrimination": [
        0.7889468690702087,
        [
            0.7065899581589958,
            0.7692737430167598,
            0.896977329974811
        ]
    ],
    "insertion": [
        0.1885860724271526,
        [
            0.31452978681012156,
            0.11532879041808072,
            0.06997639485678668
        ]
    ]
}