{
    "hparams": {
        "loss": "margin",
        "input_dropout": 0.5,
        "hidden_state": 500,
        "hidden_layers": 1,
        "hidden_dropout": 0.4000000000000001,
        "num_epochs": 50,
        "margin": 5.0,
        "lr": 0.001,
        "l2_reg_lambda": 0.1,
        "use_bn": false,
        "task": "discrimination",
        "bidirectional": false,
        "dpout_model": 0.1
    },
    "discrimination": [
        0.7780360531309298,
        [
            0.705439330543933,
            0.7519553072625699,
            0.8772040302267002
        ]
    ],
    "insertion": [
        0.19078889317470524,
        [
            0.3204389984724712,
            0.12409084802520125,
            0.06475916962162982
        ]
    ]
}