{
    "hparams": {
        "loss": "margin",
        "input_dropout": 0.5,
        "hidden_state": 500,
        "hidden_layers": 1,
        "hidden_dropout": 0.4000000000000001,
        "num_epochs": 50,
        "margin": 6.0,
        "lr": 0.001,
        "l2_reg_lambda": 0.0,
        "use_bn": false,
        "task": "discrimination",
        "bidirectional": false,
        "dpout_model": 0.05
    },
    "discrimination": [
        0.9192125237191651,
        [
            0.8726987447698745,
            0.920949720670391,
            0.9744332493702771
        ]
    ],
    "insertion": [
        0.295752301498638,
        [
            0.4716303048416016,
            0.20581142339124422,
            0.12454255737593505
        ]
    ]
}