{
    "hparams": {
        "loss": "margin",
        "input_dropout": 0.5,
        "hidden_state": 500,
        "hidden_layers": 1,
        "hidden_dropout": 0.4000000000000001,
        "num_epochs": 50,
        "margin": 6.0,
        "lr": 0.001,
        "l2_reg_lambda": 0.1,
        "use_bn": false,
        "task": "discrimination",
        "bidirectional": false,
        "dpout_model": 0.0
    },
    "discrimination": [
        0.7867172675521822,
        [
            0.7083682008368201,
            0.7726256983240224,
            0.8874055415617128
        ]
    ],
    "insertion": [
        0.19985987052526674,
        [
            0.33721939961479686,
            0.12245629418865663,
            0.06937469485639466
        ]
    ]
}