{
    "hparams": {
        "loss": "margin",
        "input_dropout": 0.5,
        "hidden_state": 500,
        "hidden_layers": 1,
        "hidden_dropout": 0.4000000000000001,
        "num_epochs": 50,
        "margin": 6.0,
        "lr": 0.001,
        "l2_reg_lambda": 0.1,
        "use_bn": false,
        "task": "discrimination",
        "bidirectional": false,
        "dpout_model": 0.1
    },
    "discrimination": [
        0.7921726755218216,
        [
            0.7118200836820083,
            0.7731843575418994,
            0.8974811083123426
        ]
    ],
    "insertion": [
        0.20390741109287674,
        [
            0.3409294680215182,
            0.12581537714024693,
            0.07413897498615159
        ]
    ]
}