{
    "hparams": {
        "loss": "margin",
        "input_dropout": 0.5,
        "hidden_state": 500,
        "hidden_layers": 2,
        "hidden_dropout": 0.2,
        "num_epochs": 50,
        "margin": 4.0,
        "lr": 0.001,
        "l2_reg_lambda": 0.0,
        "use_bn": false,
        "task": "discrimination",
        "bidirectional": false,
        "dpout_model": 0.05
    },
    "discrimination": [
        0.9099146110056926,
        [
            0.8650627615062761,
            0.906145251396648,
            0.965617128463476
        ]
    ],
    "insertion": [
        0.291247489169446,
        [
            0.46483197184034003,
            0.21388237110970038,
            0.11712903429792744
        ]
    ]
}