{
    "hparams": {
        "loss": "margin",
        "input_dropout": 0.5,
        "hidden_state": 500,
        "hidden_layers": 2,
        "hidden_dropout": 0.2,
        "num_epochs": 50,
        "margin": 4.0,
        "lr": 0.001,
        "l2_reg_lambda": 0.1,
        "use_bn": false,
        "task": "discrimination",
        "bidirectional": false,
        "dpout_model": 0.1
    },
    "discrimination": [
        0.7470588235294118,
        [
            0.6567991631799163,
            0.7284916201117319,
            0.8641057934508816
        ]
    ],
    "insertion": [
        0.17442488565603917,
        [
            0.2955120541940627,
            0.11244243543113248,
            0.056579021749447476
        ]
    ]
}