{
    "hparams": {
        "loss": "margin",
        "input_dropout": 0.5,
        "hidden_state": 500,
        "hidden_layers": 2,
        "hidden_dropout": 0.2,
        "num_epochs": 50,
        "margin": 5.0,
        "lr": 0.001,
        "l2_reg_lambda": 0.0,
        "use_bn": false,
        "task": "discrimination",
        "bidirectional": false,
        "dpout_model": 0.1
    },
    "discrimination": [
        0.9210626185958254,
        [
            0.875,
            0.9212290502793297,
            0.976448362720403
        ]
    ],
    "insertion": [
        0.2982583607656536,
        [
            0.47619047619047583,
            0.22000163737498774,
            0.11930723309276728
        ]
    ]
}