{
    "hparams": {
        "loss": "margin",
        "input_dropout": 0.5,
        "hidden_state": 500,
        "hidden_layers": 2,
        "hidden_dropout": 0.2,
        "num_epochs": 50,
        "margin": 5.0,
        "lr": 0.001,
        "l2_reg_lambda": 0.1,
        "use_bn": false,
        "task": "discrimination",
        "bidirectional": false,
        "dpout_model": 0.05
    },
    "discrimination": [
        0.7407495256166983,
        [
            0.667468619246862,
            0.7184357541899441,
            0.8390428211586902
        ]
    ],
    "insertion": [
        0.17619243932964526,
        [
            0.30194012751544136,
            0.10767965442455633,
            0.0556795767230971
        ]
    ]
}