{
    "hparams": {
        "loss": "margin",
        "input_dropout": 0.5,
        "hidden_state": 500,
        "hidden_layers": 2,
        "hidden_dropout": 0.2,
        "num_epochs": 50,
        "margin": 6.0,
        "lr": 0.001,
        "l2_reg_lambda": 0.0,
        "use_bn": false,
        "task": "discrimination",
        "bidirectional": false,
        "dpout_model": 0.05
    },
    "discrimination": [
        0.9264705882352942,
        [
            0.8852510460251046,
            0.9215083798882682,
            0.9783375314861461
        ]
    ],
    "insertion": [
        0.3014427108056928,
        [
            0.4845769409576939,
            0.2138263778680957,
            0.12044815559958041
        ]
    ]
}