{
    "hparams": {
        "loss": "margin",
        "input_dropout": 0.5,
        "hidden_state": 500,
        "hidden_layers": 2,
        "hidden_dropout": 0.2,
        "num_epochs": 50,
        "margin": 6.0,
        "lr": 0.001,
        "l2_reg_lambda": 0.0,
        "use_bn": false,
        "task": "discrimination",
        "bidirectional": false,
        "dpout_model": 0.1
    },
    "discrimination": [
        0.9219639468690702,
        [
            0.8806485355648536,
            0.9167597765363128,
            0.9740554156171285
        ]
    ],
    "insertion": [
        0.29999168581720254,
        [
            0.48529504549379,
            0.20248607887126838,
            0.12084432490514563
        ]
    ]
}