{
    "hparams": {
        "loss": "margin",
        "input_dropout": 0.5,
        "hidden_state": 500,
        "hidden_layers": 2,
        "hidden_dropout": 0.30000000000000004,
        "num_epochs": 50,
        "margin": 4.0,
        "lr": 0.001,
        "l2_reg_lambda": 0.0,
        "use_bn": false,
        "task": "discrimination",
        "bidirectional": false,
        "dpout_model": 0.0
    },
    "discrimination": [
        0.923292220113852,
        [
            0.8784518828451883,
            0.9198324022346369,
            0.9788413098236776
        ]
    ],
    "insertion": [
        0.30280691358776296,
        [
            0.4856968519625422,
            0.21569288060220665,
            0.12188001525343076
        ]
    ]
}