{
    "hparams": {
        "loss": "margin",
        "input_dropout": 0.5,
        "hidden_state": 500,
        "hidden_layers": 2,
        "hidden_dropout": 0.30000000000000004,
        "num_epochs": 50,
        "margin": 4.0,
        "lr": 0.001,
        "l2_reg_lambda": 0.0,
        "use_bn": false,
        "task": "discrimination",
        "bidirectional": false,
        "dpout_model": 0.1
    },
    "discrimination": [
        0.9202087286527514,
        [
            0.8753138075313808,
            0.9201117318435754,
            0.9743073047858942
        ]
    ],
    "insertion": [
        0.29259942905917075,
        [
            0.4668916450820215,
            0.21064114715808863,
            0.11969981495683076
        ]
    ]
}