{
    "hparams": {
        "loss": "margin",
        "input_dropout": 0.5,
        "hidden_state": 500,
        "hidden_layers": 2,
        "hidden_dropout": 0.30000000000000004,
        "num_epochs": 50,
        "margin": 5.0,
        "lr": 0.001,
        "l2_reg_lambda": 0.0,
        "use_bn": false,
        "task": "discrimination",
        "bidirectional": false,
        "dpout_model": 0.05
    },
    "discrimination": [
        0.924573055028463,
        [
            0.8836820083682009,
            0.923463687150838,
            0.9743073047858942
        ]
    ],
    "insertion": [
        0.30298425646738497,
        [
            0.484594374709437,
            0.22050639210276501,
            0.12150793707586381
        ]
    ]
}