{
    "hparams": {
        "loss": "margin",
        "input_dropout": 0.5,
        "hidden_state": 500,
        "hidden_layers": 2,
        "hidden_dropout": 0.30000000000000004,
        "num_epochs": 50,
        "margin": 5.0,
        "lr": 0.001,
        "l2_reg_lambda": 0.1,
        "use_bn": false,
        "task": "discrimination",
        "bidirectional": false,
        "dpout_model": 0.05
    },
    "discrimination": [
        0.7588709677419355,
        [
            0.6841004184100419,
            0.7354748603351955,
            0.8594458438287154
        ]
    ],
    "insertion": [
        0.19064616323816194,
        [
            0.32583183901175516,
            0.1194655933474101,
            0.05997253349173127
        ]
    ]
}