{
    "hparams": {
        "loss": "margin",
        "input_dropout": 0.5,
        "hidden_state": 500,
        "hidden_layers": 2,
        "hidden_dropout": 0.30000000000000004,
        "num_epochs": 50,
        "margin": 6.0,
        "lr": 0.001,
        "l2_reg_lambda": 0.0,
        "use_bn": false,
        "task": "discrimination",
        "bidirectional": false,
        "dpout_model": 0.0
    },
    "discrimination": [
        0.9291271347248576,
        [
            0.8881799163179916,
            0.9248603351955307,
            0.980352644836272
        ]
    ],
    "insertion": [
        0.30914630954998895,
        [
            0.49057581191472405,
            0.23112018911437762,
            0.12588024765485295
        ]
    ]
}