{
    "hparams": {
        "loss": "margin",
        "input_dropout": 0.5,
        "hidden_state": 500,
        "hidden_layers": 2,
        "hidden_dropout": 0.30000000000000004,
        "num_epochs": 50,
        "margin": 6.0,
        "lr": 0.001,
        "l2_reg_lambda": 0.0,
        "use_bn": false,
        "task": "discrimination",
        "bidirectional": false,
        "dpout_model": 0.05
    },
    "discrimination": [
        0.916650853889943,
        [
            0.8706066945606694,
            0.9120111731843575,
            0.9741813602015114
        ]
    ],
    "insertion": [
        0.2937175894029771,
        [
            0.4654795111908082,
            0.2224191637376776,
            0.1190581928778016
        ]
    ]
}