{
    "hparams": {
        "loss": "margin",
        "input_dropout": 0.5,
        "hidden_state": 500,
        "hidden_layers": 2,
        "hidden_dropout": 0.30000000000000004,
        "num_epochs": 50,
        "margin": 6.0,
        "lr": 0.001,
        "l2_reg_lambda": 0.1,
        "use_bn": false,
        "task": "discrimination",
        "bidirectional": false,
        "dpout_model": 0.0
    },
    "discrimination": [
        0.7637096774193548,
        [
            0.6782426778242678,
            0.7460893854748604,
            0.87455919395466
        ]
    ],
    "insertion": [
        0.18607215899450982,
        [
            0.31023610280932445,
            0.1192967856382163,
            0.0666828055620039
        ]
    ]
}