{
    "hparams": {
        "loss": "margin",
        "input_dropout": 0.5,
        "hidden_state": 500,
        "hidden_layers": 2,
        "hidden_dropout": 0.4000000000000001,
        "num_epochs": 50,
        "margin": 4.0,
        "lr": 0.001,
        "l2_reg_lambda": 0.1,
        "use_bn": false,
        "task": "discrimination",
        "bidirectional": false,
        "dpout_model": 0.0
    },
    "discrimination": [
        0.7426944971537002,
        [
            0.6509414225941422,
            0.7324022346368715,
            0.857808564231738
        ]
    ],
    "insertion": [
        0.1730005718367247,
        [
            0.29010925151092515,
            0.1120601918178755,
            0.05947507848434744
        ]
    ]
}