{
    "hparams": {
        "loss": "margin",
        "input_dropout": 0.5,
        "hidden_state": 500,
        "hidden_layers": 2,
        "hidden_dropout": 0.4000000000000001,
        "num_epochs": 50,
        "margin": 5.0,
        "lr": 0.001,
        "l2_reg_lambda": 0.1,
        "use_bn": false,
        "task": "discrimination",
        "bidirectional": false,
        "dpout_model": 0.0
    },
    "discrimination": [
        0.7721537001897533,
        [
            0.6821129707112971,
            0.7522346368715084,
            0.8895465994962216
        ]
    ],
    "insertion": [
        0.18945659644400542,
        [
            0.31710001992428777,
            0.11391289794008713,
            0.06983132089898378
        ]
    ]
}