{
    "hparams": {
        "loss": "margin",
        "input_dropout": 0.5,
        "hidden_state": 500,
        "hidden_layers": 2,
        "hidden_dropout": 0.4000000000000001,
        "num_epochs": 50,
        "margin": 5.0,
        "lr": 0.001,
        "l2_reg_lambda": 0.1,
        "use_bn": false,
        "task": "discrimination",
        "bidirectional": false,
        "dpout_model": 0.1
    },
    "discrimination": [
        0.740180265654649,
        [
            0.6624476987447698,
            0.7175977653631285,
            0.8439546599496222
        ]
    ],
    "insertion": [
        0.16098667462492963,
        [
            0.27722902968718877,
            0.10204025310352165,
            0.04760522306969586
        ]
    ]
}