{
    "hparams": {
        "loss": "margin",
        "input_dropout": 0.5,
        "hidden_state": 500,
        "hidden_layers": 2,
        "hidden_dropout": 0.4000000000000001,
        "num_epochs": 50,
        "margin": 6.0,
        "lr": 0.001,
        "l2_reg_lambda": 0.0,
        "use_bn": false,
        "task": "discrimination",
        "bidirectional": false,
        "dpout_model": 0.0
    },
    "discrimination": [
        0.9209203036053131,
        [
            0.873744769874477,
            0.9251396648044693,
            0.9758186397984887
        ]
    ],
    "insertion": [
        0.2978569937759273,
        [
            0.47526980806269487,
            0.21261005055196205,
            0.122682881957325
        ]
    ]
}