{
    "hparams": {
        "loss": "margin",
        "input_dropout": 0.5,
        "hidden_state": 500,
        "hidden_layers": 2,
        "hidden_dropout": 0.4000000000000001,
        "num_epochs": 50,
        "margin": 6.0,
        "lr": 0.001,
        "l2_reg_lambda": 0.1,
        "use_bn": false,
        "task": "discrimination",
        "bidirectional": false,
        "dpout_model": 0.05
    },
    "discrimination": [
        0.7649905123339659,
        [
            0.6859832635983264,
            0.7399441340782122,
            0.8714105793450881
        ]
    ],
    "insertion": [
        0.1878072623561877,
        [
            0.3172162449359103,
            0.12088621761382363,
            0.06216840425990506
        ]
    ]
}