{
    "hparams": {
        "loss": "margin",
        "input_dropout": 0.5,
        "hidden_state": 500,
        "hidden_layers": 2,
        "hidden_dropout": 0.4000000000000001,
        "num_epochs": 50,
        "margin": 6.0,
        "lr": 0.001,
        "l2_reg_lambda": 0.1,
        "use_bn": false,
        "task": "discrimination",
        "bidirectional": false,
        "dpout_model": 0.1
    },
    "discrimination": [
        0.7590607210626186,
        [
            0.6581589958158995,
            0.744413407821229,
            0.8871536523929471
        ]
    ],
    "insertion": [
        0.18296261089313964,
        [
            0.29909012419472675,
            0.12584304075063713,
            0.0688957385942714
        ]
    ]
}