{
    "hparams": {
        "loss": "margin",
        "input_dropout": 0.6,
        "hidden_state": 500,
        "hidden_layers": 1,
        "hidden_dropout": 0.2,
        "num_epochs": 50,
        "margin": 5.0,
        "lr": 0.001,
        "l2_reg_lambda": 0.0,
        "use_bn": false,
        "task": "discrimination",
        "bidirectional": false,
        "dpout_model": 0.1
    },
    "discrimination": [
        0.919876660341556,
        [
            0.8728033472803347,
            0.914804469273743,
            0.9788413098236776
        ]
    ],
    "insertion": [
        0.30231451885914684,
        [
            0.4848475791990433,
            0.2107841879751526,
            0.12380853998197931
        ]
    ]
}