{
    "hparams": {
        "loss": "margin",
        "input_dropout": 0.6,
        "hidden_state": 500,
        "hidden_layers": 1,
        "hidden_dropout": 0.2,
        "num_epochs": 50,
        "margin": 5.0,
        "lr": 0.001,
        "l2_reg_lambda": 0.1,
        "use_bn": false,
        "task": "discrimination",
        "bidirectional": false,
        "dpout_model": 0.0
    },
    "discrimination": [
        0.7773719165085389,
        [
            0.7030334728033473,
            0.7541899441340782,
            0.8773299748110831
        ]
    ],
    "insertion": [
        0.20122478564881477,
        [
            0.34151889486617504,
            0.12387153204494991,
            0.06718359720849643
        ]
    ]
}