{
    "hparams": {
        "loss": "margin",
        "input_dropout": 0.6,
        "hidden_state": 500,
        "hidden_layers": 1,
        "hidden_dropout": 0.2,
        "num_epochs": 50,
        "margin": 5.0,
        "lr": 0.001,
        "l2_reg_lambda": 0.1,
        "use_bn": false,
        "task": "discrimination",
        "bidirectional": false,
        "dpout_model": 0.05
    },
    "discrimination": [
        0.7843927893738141,
        [
            0.7073221757322176,
            0.767877094972067,
            0.8846347607052897
        ]
    ],
    "insertion": [
        0.19963124552977463,
        [
            0.33598160324101756,
            0.12384577686392026,
            0.06963156770915452
        ]
    ]
}