{
    "hparams": {
        "loss": "margin",
        "input_dropout": 0.6,
        "hidden_state": 500,
        "hidden_layers": 1,
        "hidden_dropout": 0.2,
        "num_epochs": 50,
        "margin": 5.0,
        "lr": 0.001,
        "l2_reg_lambda": 0.1,
        "use_bn": false,
        "task": "discrimination",
        "bidirectional": false,
        "dpout_model": 0.1
    },
    "discrimination": [
        0.7787001897533207,
        [
            0.7051255230125523,
            0.7547486033519553,
            0.8780856423173804
        ]
    ],
    "insertion": [
        0.20368913393345528,
        [
            0.34760327422461307,
            0.12448026521525656,
            0.06612598139286122
        ]
    ]
}