{
    "hparams": {
        "loss": "margin",
        "input_dropout": 0.6,
        "hidden_state": 500,
        "hidden_layers": 1,
        "hidden_dropout": 0.2,
        "num_epochs": 50,
        "margin": 6.0,
        "lr": 0.001,
        "l2_reg_lambda": 0.0,
        "use_bn": false,
        "task": "discrimination",
        "bidirectional": false,
        "dpout_model": 0.05
    },
    "discrimination": [
        0.9198292220113852,
        [
            0.874163179916318,
            0.9195530726256983,
            0.9749370277078085
        ]
    ],
    "insertion": [
        0.29513344537574376,
        [
            0.4706141661685593,
            0.20664370065692353,
            0.12374775209036079
        ]
    ]
}