{
    "hparams": {
        "loss": "margin",
        "input_dropout": 0.6,
        "hidden_state": 500,
        "hidden_layers": 1,
        "hidden_dropout": 0.2,
        "num_epochs": 50,
        "margin": 6.0,
        "lr": 0.001,
        "l2_reg_lambda": 0.1,
        "use_bn": false,
        "task": "discrimination",
        "bidirectional": false,
        "dpout_model": 0.0
    },
    "discrimination": [
        0.7740986717267552,
        [
            0.7021966527196652,
            0.7581005586592179,
            0.8678841309823677
        ]
    ],
    "insertion": [
        0.19488663781271853,
        [
            0.3308220429036329,
            0.12701724803917924,
            0.06181736107721849
        ]
    ]
}