{
    "hparams": {
        "loss": "margin",
        "input_dropout": 0.6,
        "hidden_state": 500,
        "hidden_layers": 1,
        "hidden_dropout": 0.2,
        "num_epochs": 50,
        "margin": 6.0,
        "lr": 0.001,
        "l2_reg_lambda": 0.1,
        "use_bn": false,
        "task": "discrimination",
        "bidirectional": false,
        "dpout_model": 0.05
    },
    "discrimination": [
        0.776707779886148,
        [
            0.7190376569037656,
            0.7497206703910615,
            0.8583123425692695
        ]
    ],
    "insertion": [
        0.193778804177896,
        [
            0.3347521086537822,
            0.11735366471127578,
            0.058501374518075966
        ]
    ]
}