{
    "hparams": {
        "loss": "margin",
        "input_dropout": 0.6,
        "hidden_state": 500,
        "hidden_layers": 1,
        "hidden_dropout": 0.2,
        "num_epochs": 50,
        "margin": 6.0,
        "lr": 0.001,
        "l2_reg_lambda": 0.1,
        "use_bn": false,
        "task": "discrimination",
        "bidirectional": false,
        "dpout_model": 0.1
    },
    "discrimination": [
        0.7653700189753321,
        [
            0.6962343096234309,
            0.7569832402234636,
            0.8523929471032745
        ]
    ],
    "insertion": [
        0.18874681964368,
        [
            0.32435827190011274,
            0.11419791285617942,
            0.05907926331216305
        ]
    ]
}