{
    "hparams": {
        "loss": "margin",
        "input_dropout": 0.6,
        "hidden_state": 500,
        "hidden_layers": 1,
        "hidden_dropout": 0.30000000000000004,
        "num_epochs": 50,
        "margin": 4.0,
        "lr": 0.001,
        "l2_reg_lambda": 0.0,
        "use_bn": false,
        "task": "discrimination",
        "bidirectional": false,
        "dpout_model": 0.0
    },
    "discrimination": [
        0.9129981024667931,
        [
            0.8610878661087866,
            0.9159217877094972,
            0.9741813602015114
        ]
    ],
    "insertion": [
        0.2888392844498388,
        [
            0.46376602244803034,
            0.20711228824370298,
            0.11507140424269224
        ]
    ]
}