{
    "hparams": {
        "loss": "margin",
        "input_dropout": 0.6,
        "hidden_state": 500,
        "hidden_layers": 1,
        "hidden_dropout": 0.30000000000000004,
        "num_epochs": 50,
        "margin": 4.0,
        "lr": 0.001,
        "l2_reg_lambda": 0.1,
        "use_bn": false,
        "task": "discrimination",
        "bidirectional": false,
        "dpout_model": 0.0
    },
    "discrimination": [
        0.758111954459203,
        [
            0.6781380753138075,
            0.7396648044692737,
            0.8627204030226701
        ]
    ],
    "insertion": [
        0.17908925877166626,
        [
            0.29987049212990635,
            0.12063757183120866,
            0.06001979382734171
        ]
    ]
}