{
    "hparams": {
        "loss": "margin",
        "input_dropout": 0.6,
        "hidden_state": 500,
        "hidden_layers": 1,
        "hidden_dropout": 0.30000000000000004,
        "num_epochs": 50,
        "margin": 4.0,
        "lr": 0.001,
        "l2_reg_lambda": 0.1,
        "use_bn": false,
        "task": "discrimination",
        "bidirectional": false,
        "dpout_model": 0.05
    },
    "discrimination": [
        0.7722011385199241,
        [
            0.6946652719665272,
            0.7505586592178771,
            0.8753148614609572
        ]
    ],
    "insertion": [
        0.20273859970144198,
        [
            0.3412449359102079,
            0.13383016720573146,
            0.06704232944688808
        ]
    ]
}