{
    "hparams": {
        "loss": "margin",
        "input_dropout": 0.6,
        "hidden_state": 500,
        "hidden_layers": 1,
        "hidden_dropout": 0.30000000000000004,
        "num_epochs": 50,
        "margin": 5.0,
        "lr": 0.001,
        "l2_reg_lambda": 0.0,
        "use_bn": false,
        "task": "discrimination",
        "bidirectional": false,
        "dpout_model": 0.05
    },
    "discrimination": [
        0.9247628083491461,
        [
            0.877092050209205,
            0.9273743016759777,
            0.9809823677581864
        ]
    ],
    "insertion": [
        0.30404434128202595,
        [
            0.4858927741249915,
            0.2163155298712315,
            0.12464863937672285
        ]
    ]
}