{
    "hparams": {
        "loss": "margin",
        "input_dropout": 0.6,
        "hidden_state": 500,
        "hidden_layers": 1,
        "hidden_dropout": 0.30000000000000004,
        "num_epochs": 50,
        "margin": 5.0,
        "lr": 0.001,
        "l2_reg_lambda": 0.1,
        "use_bn": false,
        "task": "discrimination",
        "bidirectional": false,
        "dpout_model": 0.05
    },
    "discrimination": [
        0.792314990512334,
        [
            0.719979079497908,
            0.7664804469273743,
            0.8910579345088161
        ]
    ],
    "insertion": [
        0.20315289778224577,
        [
            0.3421830377897323,
            0.12631023673234434,
            0.0704033496823813
        ]
    ]
}