{
    "hparams": {
        "loss": "margin",
        "input_dropout": 0.6,
        "hidden_state": 500,
        "hidden_layers": 1,
        "hidden_dropout": 0.30000000000000004,
        "num_epochs": 50,
        "margin": 5.0,
        "lr": 0.001,
        "l2_reg_lambda": 0.1,
        "use_bn": false,
        "task": "discrimination",
        "bidirectional": false,
        "dpout_model": 0.1
    },
    "discrimination": [
        0.7781783681214421,
        [
            0.7206066945606695,
            0.7449720670391061,
            0.8624685138539043
        ]
    ],
    "insertion": [
        0.2024591678114448,
        [
            0.35305837816298064,
            0.11365659264201214,
            0.06117261468120389
        ]
    ]
}