{
    "hparams": {
        "loss": "margin",
        "input_dropout": 0.6,
        "hidden_state": 500,
        "hidden_layers": 1,
        "hidden_dropout": 0.30000000000000004,
        "num_epochs": 50,
        "margin": 6.0,
        "lr": 0.001,
        "l2_reg_lambda": 0.0,
        "use_bn": false,
        "task": "discrimination",
        "bidirectional": false,
        "dpout_model": 0.0
    },
    "discrimination": [
        0.9190702087286527,
        [
            0.8710251046025105,
            0.9192737430167598,
            0.9768261964735516
        ]
    ],
    "insertion": [
        0.2985090143607992,
        [
            0.476530849438799,
            0.20569335294351304,
            0.12601421896132897
        ]
    ]
}