{
    "hparams": {
        "loss": "margin",
        "input_dropout": 0.6,
        "hidden_state": 500,
        "hidden_layers": 1,
        "hidden_dropout": 0.30000000000000004,
        "num_epochs": 50,
        "margin": 6.0,
        "lr": 0.001,
        "l2_reg_lambda": 0.0,
        "use_bn": false,
        "task": "discrimination",
        "bidirectional": false,
        "dpout_model": 0.05
    },
    "discrimination": [
        0.9152751423149905,
        [
            0.8616108786610879,
            0.9256983240223464,
            0.9751889168765743
        ]
    ],
    "insertion": [
        0.28575841161964605,
        [
            0.45225144451085836,
            0.2069525719479454,
            0.1208278715169633
        ]
    ]
}