{
    "hparams": {
        "loss": "margin",
        "input_dropout": 0.6,
        "hidden_state": 500,
        "hidden_layers": 1,
        "hidden_dropout": 0.30000000000000004,
        "num_epochs": 50,
        "margin": 6.0,
        "lr": 0.001,
        "l2_reg_lambda": 0.1,
        "use_bn": false,
        "task": "discrimination",
        "bidirectional": false,
        "dpout_model": 0.1
    },
    "discrimination": [
        0.7726280834914611,
        [
            0.6831589958158996,
            0.761731843575419,
            0.885264483627204
        ]
    ],
    "insertion": [
        0.1789029438962204,
        [
            0.29142674503553184,
            0.1301017164915326,
            0.06542446218551073
        ]
    ]
}