{
    "hparams": {
        "loss": "margin",
        "input_dropout": 0.6,
        "hidden_state": 500,
        "hidden_layers": 1,
        "hidden_dropout": 0.4000000000000001,
        "num_epochs": 50,
        "margin": 4.0,
        "lr": 0.001,
        "l2_reg_lambda": 0.0,
        "use_bn": false,
        "task": "discrimination",
        "bidirectional": false,
        "dpout_model": 0.0
    },
    "discrimination": [
        0.9227229601518027,
        [
            0.8811715481171548,
            0.9150837988826815,
            0.9761964735516373
        ]
    ],
    "insertion": [
        0.30147116053464584,
        [
            0.4806452148502357,
            0.2105641219325342,
            0.12672849541355266
        ]
    ]
}