{
    "hparams": {
        "loss": "margin",
        "input_dropout": 0.6,
        "hidden_state": 500,
        "hidden_layers": 1,
        "hidden_dropout": 0.4000000000000001,
        "num_epochs": 50,
        "margin": 4.0,
        "lr": 0.001,
        "l2_reg_lambda": 0.1,
        "use_bn": false,
        "task": "discrimination",
        "bidirectional": false,
        "dpout_model": 0.05
    },
    "discrimination": [
        0.7893738140417458,
        [
            0.7121338912133891,
            0.7692737430167598,
            0.8914357682619647
        ]
    ],
    "insertion": [
        0.19006102828355145,
        [
            0.3182340439662615,
            0.12243622172297991,
            0.06622762495359405
        ]
    ]
}