{
    "hparams": {
        "loss": "margin",
        "input_dropout": 0.6,
        "hidden_state": 500,
        "hidden_layers": 1,
        "hidden_dropout": 0.4000000000000001,
        "num_epochs": 50,
        "margin": 5.0,
        "lr": 0.001,
        "l2_reg_lambda": 0.0,
        "use_bn": false,
        "task": "discrimination",
        "bidirectional": false,
        "dpout_model": 0.0
    },
    "discrimination": [
        0.9206831119544592,
        [
            0.873744769874477,
            0.9217877094972067,
            0.9767002518891688
        ]
    ],
    "insertion": [
        0.29784954601399266,
        [
            0.4755977286312013,
            0.21120512139157174,
            0.12290173925426366
        ]
    ]
}