{
    "hparams": {
        "loss": "margin",
        "input_dropout": 0.6,
        "hidden_state": 500,
        "hidden_layers": 1,
        "hidden_dropout": 0.4000000000000001,
        "num_epochs": 50,
        "margin": 5.0,
        "lr": 0.001,
        "l2_reg_lambda": 0.0,
        "use_bn": false,
        "task": "discrimination",
        "bidirectional": false,
        "dpout_model": 0.1
    },
    "discrimination": [
        0.9184535104364326,
        [
            0.8703974895397489,
            0.9223463687150838,
            0.97455919395466
        ]
    ],
    "insertion": [
        0.29839827451832523,
        [
            0.47923391113767644,
            0.206866726920085,
            0.12193659370229294
        ]
    ]
}