{
    "hparams": {
        "loss": "margin",
        "input_dropout": 0.6,
        "hidden_state": 500,
        "hidden_layers": 2,
        "hidden_dropout": 0.2,
        "num_epochs": 50,
        "margin": 4.0,
        "lr": 0.001,
        "l2_reg_lambda": 0.0,
        "use_bn": false,
        "task": "discrimination",
        "bidirectional": false,
        "dpout_model": 0.0
    },
    "discrimination": [
        0.926280834914611,
        [
            0.8868200836820084,
            0.9203910614525139,
            0.976448362720403
        ]
    ],
    "insertion": [
        0.3064154913489398,
        [
            0.49351547453011885,
            0.2081944349819716,
            0.12542752441967972
        ]
    ]
}