{
    "hparams": {
        "loss": "margin",
        "input_dropout": 0.6,
        "hidden_state": 500,
        "hidden_layers": 2,
        "hidden_dropout": 0.2,
        "num_epochs": 50,
        "margin": 4.0,
        "lr": 0.001,
        "l2_reg_lambda": 0.0,
        "use_bn": false,
        "task": "discrimination",
        "bidirectional": false,
        "dpout_model": 0.05
    },
    "discrimination": [
        0.9213472485768501,
        [
            0.8782426778242678,
            0.9189944134078212,
            0.9743073047858942
        ]
    ],
    "insertion": [
        0.2990711640443391,
        [
            0.4829763565119214,
            0.2077617514684036,
            0.11881348860753332
        ]
    ]
}