{
    "hparams": {
        "loss": "margin",
        "input_dropout": 0.6,
        "hidden_state": 500,
        "hidden_layers": 2,
        "hidden_dropout": 0.2,
        "num_epochs": 50,
        "margin": 5.0,
        "lr": 0.001,
        "l2_reg_lambda": 0.0,
        "use_bn": false,
        "task": "discrimination",
        "bidirectional": false,
        "dpout_model": 0.0
    },
    "discrimination": [
        0.9168406072106262,
        [
            0.8689330543933055,
            0.9164804469273743,
            0.9746851385390428
        ]
    ],
    "insertion": [
        0.2917357715217285,
        [
            0.4671373779637375,
            0.1997004817503115,
            0.12204395537513749
        ]
    ]
}