{
    "hparams": {
        "loss": "margin",
        "input_dropout": 0.6,
        "hidden_state": 500,
        "hidden_layers": 2,
        "hidden_dropout": 0.2,
        "num_epochs": 50,
        "margin": 5.0,
        "lr": 0.001,
        "l2_reg_lambda": 0.1,
        "use_bn": false,
        "task": "discrimination",
        "bidirectional": false,
        "dpout_model": 0.05
    },
    "discrimination": [
        0.7421252371916508,
        [
            0.6450836820083682,
            0.7357541899441341,
            0.8618387909319899
        ]
    ],
    "insertion": [
        0.16256144799597808,
        [
            0.2708665404795113,
            0.11747199414710699,
            0.0524888485799051
        ]
    ]
}