{
    "hparams": {
        "loss": "margin",
        "input_dropout": 0.6,
        "hidden_state": 500,
        "hidden_layers": 2,
        "hidden_dropout": 0.2,
        "num_epochs": 50,
        "margin": 6.0,
        "lr": 0.001,
        "l2_reg_lambda": 0.0,
        "use_bn": false,
        "task": "discrimination",
        "bidirectional": false,
        "dpout_model": 0.05
    },
    "discrimination": [
        0.9200189753320683,
        [
            0.8755230125523012,
            0.914804469273743,
            0.9759445843828716
        ]
    ],
    "insertion": [
        0.2988580092214472,
        [
            0.4792289300657501,
            0.20532992623640708,
            0.12385606133919376
        ]
    ]
}