{
    "hparams": {
        "loss": "margin",
        "input_dropout": 0.6,
        "hidden_state": 500,
        "hidden_layers": 2,
        "hidden_dropout": 0.2,
        "num_epochs": 50,
        "margin": 6.0,
        "lr": 0.001,
        "l2_reg_lambda": 0.1,
        "use_bn": false,
        "task": "discrimination",
        "bidirectional": false,
        "dpout_model": 0.0
    },
    "discrimination": [
        0.7362428842504743,
        [
            0.649581589958159,
            0.726536312849162,
            0.8449622166246852
        ]
    ],
    "insertion": [
        0.17381563913394127,
        [
            0.2940301852958758,
            0.10865338505327601,
            0.05845415403327218
        ]
    ]
}