{
    "hparams": {
        "loss": "margin",
        "input_dropout": 0.6,
        "hidden_state": 500,
        "hidden_layers": 2,
        "hidden_dropout": 0.2,
        "num_epochs": 50,
        "margin": 6.0,
        "lr": 0.001,
        "l2_reg_lambda": 0.1,
        "use_bn": false,
        "task": "discrimination",
        "bidirectional": false,
        "dpout_model": 0.05
    },
    "discrimination": [
        0.748292220113852,
        [
            0.6642259414225942,
            0.7324022346368715,
            0.8566750629722922
        ]
    ],
    "insertion": [
        0.17579828309534815,
        [
            0.294188749418875,
            0.1159466743492635,
            0.06023857292633892
        ]
    ]
}