{
    "hparams": {
        "loss": "margin",
        "input_dropout": 0.6,
        "hidden_state": 500,
        "hidden_layers": 2,
        "hidden_dropout": 0.30000000000000004,
        "num_epochs": 50,
        "margin": 4.0,
        "lr": 0.001,
        "l2_reg_lambda": 0.1,
        "use_bn": false,
        "task": "discrimination",
        "bidirectional": false,
        "dpout_model": 0.05
    },
    "discrimination": [
        0.771157495256167,
        [
            0.6678870292887029,
            0.7667597765363129,
            0.8974811083123426
        ]
    ],
    "insertion": [
        0.17596480831324435,
        [
            0.2882795377565254,
            0.12220773799115804,
            0.06497255368796756
        ]
    ]
}