{
    "hparams": {
        "loss": "margin",
        "input_dropout": 0.6,
        "hidden_state": 500,
        "hidden_layers": 2,
        "hidden_dropout": 0.30000000000000004,
        "num_epochs": 50,
        "margin": 4.0,
        "lr": 0.001,
        "l2_reg_lambda": 0.1,
        "use_bn": false,
        "task": "discrimination",
        "bidirectional": false,
        "dpout_model": 0.1
    },
    "discrimination": [
        0.7449715370018976,
        [
            0.6714435146443515,
            0.7245810055865922,
            0.8426952141057934
        ]
    ],
    "insertion": [
        0.17256222410436503,
        [
            0.2946793850036527,
            0.10865699639178884,
            0.05434316327487293
        ]
    ]
}