{
    "hparams": {
        "loss": "margin",
        "input_dropout": 0.6,
        "hidden_state": 500,
        "hidden_layers": 2,
        "hidden_dropout": 0.30000000000000004,
        "num_epochs": 50,
        "margin": 5.0,
        "lr": 0.001,
        "l2_reg_lambda": 0.0,
        "use_bn": false,
        "task": "discrimination",
        "bidirectional": false,
        "dpout_model": 0.0
    },
    "discrimination": [
        0.9268975332068311,
        [
            0.8848326359832636,
            0.9243016759776537,
            0.9787153652392947
        ]
    ],
    "insertion": [
        0.3047967187394227,
        [
            0.48620658165637237,
            0.2137587706948795,
            0.1274210971416174
        ]
    ]
}