{
    "hparams": {
        "loss": "margin",
        "input_dropout": 0.6,
        "hidden_state": 500,
        "hidden_layers": 2,
        "hidden_dropout": 0.30000000000000004,
        "num_epochs": 50,
        "margin": 5.0,
        "lr": 0.001,
        "l2_reg_lambda": 0.0,
        "use_bn": false,
        "task": "discrimination",
        "bidirectional": false,
        "dpout_model": 0.05
    },
    "discrimination": [
        0.9190702087286527,
        [
            0.8696652719665272,
            0.9195530726256983,
            0.9783375314861461
        ]
    ],
    "insertion": [
        0.2991521468236289,
        [
            0.4797768479776847,
            0.21019051779943906,
            0.12178570965408565
        ]
    ]
}