{
    "hparams": {
        "loss": "margin",
        "input_dropout": 0.6,
        "hidden_state": 500,
        "hidden_layers": 2,
        "hidden_dropout": 0.30000000000000004,
        "num_epochs": 50,
        "margin": 5.0,
        "lr": 0.001,
        "l2_reg_lambda": 0.1,
        "use_bn": false,
        "task": "discrimination",
        "bidirectional": false,
        "dpout_model": 0.0
    },
    "discrimination": [
        0.75853889943074,
        [
            0.6856694560669456,
            0.7326815642458101,
            0.8579345088161209
        ]
    ],
    "insertion": [
        0.1823813605415556,
        [
            0.307581191472405,
            0.1212594637904235,
            0.05919571906424228
        ]
    ]
}