{
    "hparams": {
        "loss": "margin",
        "input_dropout": 0.6,
        "hidden_state": 500,
        "hidden_layers": 2,
        "hidden_dropout": 0.30000000000000004,
        "num_epochs": 50,
        "margin": 5.0,
        "lr": 0.001,
        "l2_reg_lambda": 0.1,
        "use_bn": false,
        "task": "discrimination",
        "bidirectional": false,
        "dpout_model": 0.1
    },
    "discrimination": [
        0.7267552182163188,
        [
            0.6197698744769874,
            0.729608938547486,
            0.8542821158690176
        ]
    ],
    "insertion": [
        0.16612992567165363,
        [
            0.274185594739988,
            0.11934289888697756,
            0.057123044008664164
        ]
    ]
}