{
    "hparams": {
        "loss": "margin",
        "input_dropout": 0.6,
        "hidden_state": 500,
        "hidden_layers": 2,
        "hidden_dropout": 0.30000000000000004,
        "num_epochs": 50,
        "margin": 6.0,
        "lr": 0.001,
        "l2_reg_lambda": 0.1,
        "use_bn": false,
        "task": "discrimination",
        "bidirectional": false,
        "dpout_model": 0.0
    },
    "discrimination": [
        0.7407020872865275,
        [
            0.6625523012552301,
            0.720391061452514,
            0.8439546599496222
        ]
    ],
    "insertion": [
        0.1707481813405857,
        [
            0.28888722853158,
            0.10885563640073556,
            0.05641140800793563
        ]
    ]
}