{
    "hparams": {
        "loss": "margin",
        "input_dropout": 0.6,
        "hidden_state": 500,
        "hidden_layers": 2,
        "hidden_dropout": 0.30000000000000004,
        "num_epochs": 50,
        "margin": 6.0,
        "lr": 0.001,
        "l2_reg_lambda": 0.1,
        "use_bn": false,
        "task": "discrimination",
        "bidirectional": false,
        "dpout_model": 0.05
    },
    "discrimination": [
        0.7574478178368121,
        [
            0.6793933054393305,
            0.735195530726257,
            0.8614609571788413
        ]
    ],
    "insertion": [
        0.1852417237805572,
        [
            0.31365809922295274,
            0.12225086418943759,
            0.059025946464046665
        ]
    ]
}