{
    "hparams": {
        "loss": "margin",
        "input_dropout": 0.6,
        "hidden_state": 500,
        "hidden_layers": 2,
        "hidden_dropout": 0.30000000000000004,
        "num_epochs": 50,
        "margin": 6.0,
        "lr": 0.001,
        "l2_reg_lambda": 0.1,
        "use_bn": false,
        "task": "discrimination",
        "bidirectional": false,
        "dpout_model": 0.1
    },
    "discrimination": [
        0.7428842504743833,
        [
            0.6755230125523013,
            0.71731843575419,
            0.8355163727959698
        ]
    ],
    "insertion": [
        0.17968880473445337,
        [
            0.3084221624493593,
            0.11512573100471123,
            0.053800253625886134
        ]
    ]
}