{
    "hparams": {
        "loss": "margin",
        "input_dropout": 0.6,
        "hidden_state": 500,
        "hidden_layers": 2,
        "hidden_dropout": 0.4000000000000001,
        "num_epochs": 50,
        "margin": 4.0,
        "lr": 0.001,
        "l2_reg_lambda": 0.0,
        "use_bn": false,
        "task": "discrimination",
        "bidirectional": false,
        "dpout_model": 0.0
    },
    "discrimination": [
        0.9129981024667931,
        [
            0.8633891213389121,
            0.9153631284916202,
            0.9716624685138538
        ]
    ],
    "insertion": [
        0.2854162061855523,
        [
            0.45501012817958414,
            0.20535985920842462,
            0.1173159326232315
        ]
    ]
}