{
    "hparams": {
        "loss": "margin",
        "input_dropout": 0.6,
        "hidden_state": 500,
        "hidden_layers": 2,
        "hidden_dropout": 0.4000000000000001,
        "num_epochs": 50,
        "margin": 4.0,
        "lr": 0.001,
        "l2_reg_lambda": 0.0,
        "use_bn": false,
        "task": "discrimination",
        "bidirectional": false,
        "dpout_model": 0.05
    },
    "discrimination": [
        0.9165559772296015,
        [
            0.869142259414226,
            0.9173184357541899,
            0.9732997481108312
        ]
    ],
    "insertion": [
        0.29440091701793203,
        [
            0.4708864647672176,
            0.20982167864421356,
            0.12004220629938564
        ]
    ]
}