{
    "hparams": {
        "loss": "margin",
        "input_dropout": 0.6,
        "hidden_state": 500,
        "hidden_layers": 2,
        "hidden_dropout": 0.4000000000000001,
        "num_epochs": 50,
        "margin": 4.0,
        "lr": 0.001,
        "l2_reg_lambda": 0.0,
        "use_bn": false,
        "task": "discrimination",
        "bidirectional": false,
        "dpout_model": 0.1
    },
    "discrimination": [
        0.9202087286527514,
        [
            0.8732217573221758,
            0.9270949720670391,
            0.9736775818639799
        ]
    ],
    "insertion": [
        0.29654896620497107,
        [
            0.4769110712625357,
            0.21045620409669916,
            0.11820518333309402
        ]
    ]
}