{
    "hparams": {
        "loss": "margin",
        "input_dropout": 0.6,
        "hidden_state": 500,
        "hidden_layers": 2,
        "hidden_dropout": 0.4000000000000001,
        "num_epochs": 50,
        "margin": 4.0,
        "lr": 0.001,
        "l2_reg_lambda": 0.1,
        "use_bn": false,
        "task": "discrimination",
        "bidirectional": false,
        "dpout_model": 0.05
    },
    "discrimination": [
        0.7671252371916508,
        [
            0.6553347280334728,
            0.761731843575419,
            0.9041561712846348
        ]
    ],
    "insertion": [
        0.1780451069397478,
        [
            0.29127731287773106,
            0.10780222884621234,
            0.07338133046717057
        ]
    ]
}