{
    "hparams": {
        "loss": "margin",
        "input_dropout": 0.6,
        "hidden_state": 500,
        "hidden_layers": 2,
        "hidden_dropout": 0.4000000000000001,
        "num_epochs": 50,
        "margin": 5.0,
        "lr": 0.001,
        "l2_reg_lambda": 0.0,
        "use_bn": false,
        "task": "discrimination",
        "bidirectional": false,
        "dpout_model": 0.05
    },
    "discrimination": [
        0.9150853889943074,
        [
            0.8695606694560669,
            0.9106145251396648,
            0.9719143576826197
        ]
    ],
    "insertion": [
        0.2916768899506257,
        [
            0.4674478647805007,
            0.2107584578961943,
            0.11652795637143919
        ]
    ]
}