{
    "hparams": {
        "loss": "margin",
        "input_dropout": 0.6,
        "hidden_state": 500,
        "hidden_layers": 2,
        "hidden_dropout": 0.4000000000000001,
        "num_epochs": 50,
        "margin": 5.0,
        "lr": 0.001,
        "l2_reg_lambda": 0.0,
        "use_bn": false,
        "task": "discrimination",
        "bidirectional": false,
        "dpout_model": 0.1
    },
    "discrimination": [
        0.9128083491461101,
        [
            0.8621338912133891,
            0.917877094972067,
            0.971536523929471
        ]
    ],
    "insertion": [
        0.2908325208589606,
        [
            0.4671000199242876,
            0.1973414212792338,
            0.120754541694086
        ]
    ]
}