{
    "hparams": {
        "loss": "margin",
        "input_dropout": 0.6,
        "hidden_state": 500,
        "hidden_layers": 2,
        "hidden_dropout": 0.4000000000000001,
        "num_epochs": 50,
        "margin": 5.0,
        "lr": 0.001,
        "l2_reg_lambda": 0.1,
        "use_bn": false,
        "task": "discrimination",
        "bidirectional": false,
        "dpout_model": 0.0
    },
    "discrimination": [
        0.7517552182163187,
        [
            0.6650627615062762,
            0.7324022346368715,
            0.8648614609571789
        ]
    ],
    "insertion": [
        0.17693834538760875,
        [
            0.2976124061898121,
            0.11510766680072418,
            0.05952144464100711
        ]
    ]
}