{
    "hparams": {
        "loss": "margin",
        "input_dropout": 0.6,
        "hidden_state": 500,
        "hidden_layers": 2,
        "hidden_dropout": 0.4000000000000001,
        "num_epochs": 50,
        "margin": 6.0,
        "lr": 0.001,
        "l2_reg_lambda": 0.0,
        "use_bn": false,
        "task": "discrimination",
        "bidirectional": false,
        "dpout_model": 0.05
    },
    "discrimination": [
        0.9192125237191651,
        [
            0.8782426778242678,
            0.909217877094972,
            0.9730478589420655
        ]
    ],
    "insertion": [
        0.30068350096888674,
        [
            0.48128445241415924,
            0.21012531466550197,
            0.12406551748643246
        ]
    ]
}