{
    "hparams": {
        "loss": "margin",
        "input_dropout": 0.6,
        "hidden_state": 500,
        "hidden_layers": 2,
        "hidden_dropout": 0.4000000000000001,
        "num_epochs": 50,
        "margin": 6.0,
        "lr": 0.001,
        "l2_reg_lambda": 0.1,
        "use_bn": false,
        "task": "discrimination",
        "bidirectional": false,
        "dpout_model": 0.0
    },
    "discrimination": [
        0.7365275142314991,
        [
            0.6484309623430963,
            0.7226256983240223,
            0.8488664987405542
        ]
    ],
    "insertion": [
        0.1736288530719676,
        [
            0.2927691439197718,
            0.11062460446119227,
            0.05858779885554026
        ]
    ]
}