{
    "hparams": {
        "loss": "margin",
        "input_dropout": 0.7,
        "hidden_state": 500,
        "hidden_layers": 1,
        "hidden_dropout": 0.2,
        "num_epochs": 50,
        "margin": 4.0,
        "lr": 0.001,
        "l2_reg_lambda": 0.0,
        "use_bn": false,
        "task": "discrimination",
        "bidirectional": false,
        "dpout_model": 0.0
    },
    "discrimination": [
        0.9154648956356736,
        [
            0.8628661087866109,
            0.9223463687150838,
            0.9756926952141058
        ]
    ],
    "insertion": [
        0.29489452448419107,
        [
            0.4698711562728296,
            0.20790327730587516,
            0.12344012461000797
        ]
    ]
}