{
    "hparams": {
        "loss": "margin",
        "input_dropout": 0.7,
        "hidden_state": 500,
        "hidden_layers": 1,
        "hidden_dropout": 0.2,
        "num_epochs": 50,
        "margin": 4.0,
        "lr": 0.001,
        "l2_reg_lambda": 0.0,
        "use_bn": false,
        "task": "discrimination",
        "bidirectional": false,
        "dpout_model": 0.1
    },
    "discrimination": [
        0.9160815939278938,
        [
            0.8673640167364016,
            0.917877094972067,
            0.9739294710327456
        ]
    ],
    "insertion": [
        0.289956417614688,
        [
            0.4620118549511853,
            0.21207089547543048,
            0.11791362017408699
        ]
    ]
}