{
    "hparams": {
        "loss": "margin",
        "input_dropout": 0.7,
        "hidden_state": 500,
        "hidden_layers": 1,
        "hidden_dropout": 0.2,
        "num_epochs": 50,
        "margin": 4.0,
        "lr": 0.001,
        "l2_reg_lambda": 0.1,
        "use_bn": false,
        "task": "discrimination",
        "bidirectional": false,
        "dpout_model": 0.05
    },
    "discrimination": [
        0.7881878557874763,
        [
            0.7205020920502092,
            0.7659217877094973,
            0.8797229219143576
        ]
    ],
    "insertion": [
        0.19709867276554424,
        [
            0.3322673839410243,
            0.12281635033074915,
            0.06784399209539022
        ]
    ]
}