{
    "hparams": {
        "loss": "margin",
        "input_dropout": 0.7,
        "hidden_state": 500,
        "hidden_layers": 1,
        "hidden_dropout": 0.2,
        "num_epochs": 50,
        "margin": 5.0,
        "lr": 0.001,
        "l2_reg_lambda": 0.0,
        "use_bn": false,
        "task": "discrimination",
        "bidirectional": false,
        "dpout_model": 0.05
    },
    "discrimination": [
        0.9151802656546489,
        [
            0.8631799163179916,
            0.9220670391061453,
            0.9746851385390428
        ]
    ],
    "insertion": [
        0.28775932251097386,
        [
            0.4585832171083216,
            0.21096538972401616,
            0.11670716218687617
        ]
    ]
}