{
    "hparams": {
        "loss": "margin",
        "input_dropout": 0.7,
        "hidden_state": 500,
        "hidden_layers": 1,
        "hidden_dropout": 0.2,
        "num_epochs": 50,
        "margin": 5.0,
        "lr": 0.001,
        "l2_reg_lambda": 0.0,
        "use_bn": false,
        "task": "discrimination",
        "bidirectional": false,
        "dpout_model": 0.1
    },
    "discrimination": [
        0.9108633776091082,
        [
            0.8591004184100418,
            0.9139664804469274,
            0.9717884130982368
        ]
    ],
    "insertion": [
        0.28594039190132586,
        [
            0.4606453808859665,
            0.20194193520204912,
            0.11346366397818303
        ]
    ]
}