{
    "hparams": {
        "loss": "margin",
        "input_dropout": 0.7,
        "hidden_state": 500,
        "hidden_layers": 1,
        "hidden_dropout": 0.2,
        "num_epochs": 50,
        "margin": 5.0,
        "lr": 0.001,
        "l2_reg_lambda": 0.1,
        "use_bn": false,
        "task": "discrimination",
        "bidirectional": false,
        "dpout_model": 0.0
    },
    "discrimination": [
        0.7742884250474383,
        [
            0.7101464435146444,
            0.740782122905028,
            0.8666246851385391
        ]
    ],
    "insertion": [
        0.19479462065484368,
        [
            0.3361908082619381,
            0.11517293501766063,
            0.06044929081319289
        ]
    ]
}