{
    "hparams": {
        "loss": "margin",
        "input_dropout": 0.7,
        "hidden_state": 500,
        "hidden_layers": 1,
        "hidden_dropout": 0.2,
        "num_epochs": 50,
        "margin": 5.0,
        "lr": 0.001,
        "l2_reg_lambda": 0.1,
        "use_bn": false,
        "task": "discrimination",
        "bidirectional": false,
        "dpout_model": 0.05
    },
    "discrimination": [
        0.7886622390891841,
        [
            0.706694560669456,
            0.7684357541899441,
            0.8964735516372796
        ]
    ],
    "insertion": [
        0.19150895361420667,
        [
            0.31739971441854287,
            0.12673772872481728,
            0.06913682663871036
        ]
    ]
}