{
    "hparams": {
        "loss": "margin",
        "input_dropout": 0.7,
        "hidden_state": 500,
        "hidden_layers": 1,
        "hidden_dropout": 0.2,
        "num_epochs": 50,
        "margin": 5.0,
        "lr": 0.001,
        "l2_reg_lambda": 0.1,
        "use_bn": false,
        "task": "discrimination",
        "bidirectional": false,
        "dpout_model": 0.1
    },
    "discrimination": [
        0.7611005692599621,
        [
            0.6927824267782426,
            0.7494413407821229,
            0.8486146095717884
        ]
    ],
    "insertion": [
        0.18820923488496388,
        [
            0.32202131898784603,
            0.11880122561193868,
            0.05839023604036395
        ]
    ]
}