{
    "hparams": {
        "loss": "margin",
        "input_dropout": 0.7,
        "hidden_state": 500,
        "hidden_layers": 1,
        "hidden_dropout": 0.2,
        "num_epochs": 50,
        "margin": 6.0,
        "lr": 0.001,
        "l2_reg_lambda": 0.0,
        "use_bn": false,
        "task": "discrimination",
        "bidirectional": false,
        "dpout_model": 0.0
    },
    "discrimination": [
        0.9161290322580645,
        [
            0.8664225941422594,
            0.9187150837988827,
            0.9748110831234257
        ]
    ],
    "insertion": [
        0.28928718140849513,
        [
            0.46087866108786585,
            0.20784477952071392,
            0.11940673468601058
        ]
    ]
}