{
    "hparams": {
        "loss": "margin",
        "input_dropout": 0.7,
        "hidden_state": 500,
        "hidden_layers": 1,
        "hidden_dropout": 0.2,
        "num_epochs": 50,
        "margin": 6.0,
        "lr": 0.001,
        "l2_reg_lambda": 0.0,
        "use_bn": false,
        "task": "discrimination",
        "bidirectional": false,
        "dpout_model": 0.05
    },
    "discrimination": [
        0.9204459203036053,
        [
            0.8721757322175733,
            0.9243016759776537,
            0.9768261964735516
        ]
    ],
    "insertion": [
        0.29502944080811283,
        [
            0.4691298067344089,
            0.21337459527805797,
            0.12222400614088443
        ]
    ]
}