{
    "hparams": {
        "loss": "margin",
        "input_dropout": 0.7,
        "hidden_state": 500,
        "hidden_layers": 1,
        "hidden_dropout": 0.2,
        "num_epochs": 50,
        "margin": 6.0,
        "lr": 0.001,
        "l2_reg_lambda": 0.0,
        "use_bn": false,
        "task": "discrimination",
        "bidirectional": false,
        "dpout_model": 0.1
    },
    "discrimination": [
        0.9205882352941176,
        [
            0.8743723849372385,
            0.9198324022346369,
            0.9765743073047859
        ]
    ],
    "insertion": [
        0.2983492085362248,
        [
            0.47806252905625274,
            0.20803744022109727,
            0.1226888541781253
        ]
    ]
}