{
    "hparams": {
        "loss": "margin",
        "input_dropout": 0.7,
        "hidden_state": 500,
        "hidden_layers": 1,
        "hidden_dropout": 0.2,
        "num_epochs": 50,
        "margin": 6.0,
        "lr": 0.001,
        "l2_reg_lambda": 0.1,
        "use_bn": false,
        "task": "discrimination",
        "bidirectional": false,
        "dpout_model": 0.05
    },
    "discrimination": [
        0.7682637571157496,
        [
            0.6950836820083682,
            0.7449720670391061,
            0.8668765743073048
        ]
    ],
    "insertion": [
        0.19105785703612924,
        [
            0.3216543800225809,
            0.12678704054380757,
            0.06279422520892944
        ]
    ]
}