{
    "hparams": {
        "loss": "margin",
        "input_dropout": 0.7,
        "hidden_state": 500,
        "hidden_layers": 1,
        "hidden_dropout": 0.30000000000000004,
        "num_epochs": 50,
        "margin": 4.0,
        "lr": 0.001,
        "l2_reg_lambda": 0.0,
        "use_bn": false,
        "task": "discrimination",
        "bidirectional": false,
        "dpout_model": 0.1
    },
    "discrimination": [
        0.918168880455408,
        [
            0.8688284518828452,
            0.9217877094972067,
            0.9759445843828716
        ]
    ],
    "insertion": [
        0.2948191931925432,
        [
            0.4730025901574018,
            0.20128889226840516,
            0.12245209021072531
        ]
    ]
}