{
    "hparams": {
        "loss": "margin",
        "input_dropout": 0.7,
        "hidden_state": 500,
        "hidden_layers": 1,
        "hidden_dropout": 0.30000000000000004,
        "num_epochs": 50,
        "margin": 4.0,
        "lr": 0.001,
        "l2_reg_lambda": 0.1,
        "use_bn": false,
        "task": "discrimination",
        "bidirectional": false,
        "dpout_model": 0.0
    },
    "discrimination": [
        0.7898956356736243,
        [
            0.7195606694560669,
            0.7720670391061453,
            0.8826196473551637
        ]
    ],
    "insertion": [
        0.19797606197008355,
        [
            0.33466992096699216,
            0.13119263750760535,
            0.06350394201608173
        ]
    ]
}