{
    "hparams": {
        "loss": "margin",
        "input_dropout": 0.7,
        "hidden_state": 500,
        "hidden_layers": 1,
        "hidden_dropout": 0.30000000000000004,
        "num_epochs": 50,
        "margin": 4.0,
        "lr": 0.001,
        "l2_reg_lambda": 0.1,
        "use_bn": false,
        "task": "discrimination",
        "bidirectional": false,
        "dpout_model": 0.05
    },
    "discrimination": [
        0.7886622390891841,
        [
            0.7078451882845188,
            0.7729050279329609,
            0.893073047858942
        ]
    ],
    "insertion": [
        0.19794015995769976,
        [
            0.3302915587434417,
            0.13197471454255785,
            0.06832768164466638
        ]
    ]
}