{
    "hparams": {
        "loss": "margin",
        "input_dropout": 0.7,
        "hidden_state": 500,
        "hidden_layers": 1,
        "hidden_dropout": 0.30000000000000004,
        "num_epochs": 50,
        "margin": 4.0,
        "lr": 0.001,
        "l2_reg_lambda": 0.1,
        "use_bn": false,
        "task": "discrimination",
        "bidirectional": false,
        "dpout_model": 0.1
    },
    "discrimination": [
        0.7783681214421252,
        [
            0.7119246861924686,
            0.7522346368715084,
            0.8701511335012595
        ]
    ],
    "insertion": [
        0.19318718487519676,
        [
            0.3280500763764363,
            0.12597001518620587,
            0.061115172877052884
        ]
    ]
}