{
    "hparams": {
        "loss": "margin",
        "input_dropout": 0.7,
        "hidden_state": 500,
        "hidden_layers": 1,
        "hidden_dropout": 0.30000000000000004,
        "num_epochs": 50,
        "margin": 5.0,
        "lr": 0.001,
        "l2_reg_lambda": 0.0,
        "use_bn": false,
        "task": "discrimination",
        "bidirectional": false,
        "dpout_model": 0.0
    },
    "discrimination": [
        0.9112903225806451,
        [
            0.8575313807531381,
            0.9162011173184358,
            0.9738035264483628
        ]
    ],
    "insertion": [
        0.28251848927134604,
        [
            0.4513913794248517,
            0.20695253167903946,
            0.11326172583468905
        ]
    ]
}