{
    "hparams": {
        "loss": "margin",
        "input_dropout": 0.7,
        "hidden_state": 500,
        "hidden_layers": 1,
        "hidden_dropout": 0.30000000000000004,
        "num_epochs": 50,
        "margin": 5.0,
        "lr": 0.001,
        "l2_reg_lambda": 0.1,
        "use_bn": false,
        "task": "discrimination",
        "bidirectional": false,
        "dpout_model": 0.0
    },
    "discrimination": [
        0.7787950664136623,
        [
            0.6946652719665272,
            0.7583798882681564,
            0.8892947103274559
        ]
    ],
    "insertion": [
        0.19421739233432173,
        [
            0.32175483163976887,
            0.12456054720656824,
            0.07206545099896687
        ]
    ]
}