{
    "hparams": {
        "loss": "margin",
        "input_dropout": 0.7,
        "hidden_state": 500,
        "hidden_layers": 1,
        "hidden_dropout": 0.30000000000000004,
        "num_epochs": 50,
        "margin": 6.0,
        "lr": 0.001,
        "l2_reg_lambda": 0.0,
        "use_bn": false,
        "task": "discrimination",
        "bidirectional": false,
        "dpout_model": 0.0
    },
    "discrimination": [
        0.9154174573055028,
        [
            0.8638075313807532,
            0.9203910614525139,
            0.9753148614609571
        ]
    ],
    "insertion": [
        0.29085272681979907,
        [
            0.4629740320116886,
            0.20657308641876324,
            0.12161361284010683
        ]
    ]
}