{
    "hparams": {
        "loss": "margin",
        "input_dropout": 0.7,
        "hidden_state": 500,
        "hidden_layers": 1,
        "hidden_dropout": 0.30000000000000004,
        "num_epochs": 50,
        "margin": 6.0,
        "lr": 0.001,
        "l2_reg_lambda": 0.0,
        "use_bn": false,
        "task": "discrimination",
        "bidirectional": false,
        "dpout_model": 0.1
    },
    "discrimination": [
        0.9214895635673624,
        [
            0.8725941422594142,
            0.9279329608938548,
            0.9774559193954659
        ]
    ],
    "insertion": [
        0.29337383858280613,
        [
            0.4653724181443843,
            0.20814770939626098,
            0.12470924436103593
        ]
    ]
}