{
    "hparams": {
        "loss": "margin",
        "input_dropout": 0.7,
        "hidden_state": 500,
        "hidden_layers": 1,
        "hidden_dropout": 0.4000000000000001,
        "num_epochs": 50,
        "margin": 4.0,
        "lr": 0.001,
        "l2_reg_lambda": 0.0,
        "use_bn": false,
        "task": "discrimination",
        "bidirectional": false,
        "dpout_model": 0.0
    },
    "discrimination": [
        0.9172201138519924,
        [
            0.8664225941422594,
            0.9201117318435754,
            0.9770780856423174
        ]
    ],
    "insertion": [
        0.2922572210305874,
        [
            0.4640283589028358,
            0.20933162084315715,
            0.12282920725379971
        ]
    ]
}