{
    "hparams": {
        "loss": "margin",
        "input_dropout": 0.7,
        "hidden_state": 500,
        "hidden_layers": 1,
        "hidden_dropout": 0.4000000000000001,
        "num_epochs": 50,
        "margin": 4.0,
        "lr": 0.001,
        "l2_reg_lambda": 0.0,
        "use_bn": false,
        "task": "discrimination",
        "bidirectional": false,
        "dpout_model": 0.05
    },
    "discrimination": [
        0.904696394686907,
        [
            0.8521966527196653,
            0.9039106145251397,
            0.9682619647355164
        ]
    ],
    "insertion": [
        0.28258353853896906,
        [
            0.45513216444178756,
            0.19988821236551152,
            0.11211557935383472
        ]
    ]
}