{
    "hparams": {
        "loss": "margin",
        "input_dropout": 0.7,
        "hidden_state": 500,
        "hidden_layers": 1,
        "hidden_dropout": 0.4000000000000001,
        "num_epochs": 50,
        "margin": 4.0,
        "lr": 0.001,
        "l2_reg_lambda": 0.1,
        "use_bn": false,
        "task": "discrimination",
        "bidirectional": false,
        "dpout_model": 0.05
    },
    "discrimination": [
        0.7750948766603416,
        [
            0.6940376569037657,
            0.7597765363128491,
            0.8795969773299748
        ]
    ],
    "insertion": [
        0.19647581802058808,
        [
            0.3285905226804807,
            0.13191204247013955,
            0.06651633942134773
        ]
    ]
}