{
    "hparams": {
        "loss": "margin",
        "input_dropout": 0.7,
        "hidden_state": 500,
        "hidden_layers": 1,
        "hidden_dropout": 0.4000000000000001,
        "num_epochs": 50,
        "margin": 5.0,
        "lr": 0.001,
        "l2_reg_lambda": 0.1,
        "use_bn": false,
        "task": "discrimination",
        "bidirectional": false,
        "dpout_model": 0.05
    },
    "discrimination": [
        0.7793168880455408,
        [
            0.705439330543933,
            0.7516759776536313,
            0.8807304785894207
        ]
    ],
    "insertion": [
        0.19420939978078816,
        [
            0.3267716012485888,
            0.12392891026813571,
            0.06628868270561461
        ]
    ]
}