{
    "hparams": {
        "loss": "margin",
        "input_dropout": 0.7,
        "hidden_state": 500,
        "hidden_layers": 1,
        "hidden_dropout": 0.4000000000000001,
        "num_epochs": 50,
        "margin": 5.0,
        "lr": 0.001,
        "l2_reg_lambda": 0.1,
        "use_bn": false,
        "task": "discrimination",
        "bidirectional": false,
        "dpout_model": 0.1
    },
    "discrimination": [
        0.7835388994307401,
        [
            0.6985355648535565,
            0.7717877094972067,
            0.891183879093199
        ]
    ],
    "insertion": [
        0.19696812777641237,
        [
            0.32817543335325755,
            0.1244337635323418,
            0.07169497698033339
        ]
    ]
}