{
    "hparams": {
        "loss": "margin",
        "input_dropout": 0.7,
        "hidden_state": 500,
        "hidden_layers": 1,
        "hidden_dropout": 0.4000000000000001,
        "num_epochs": 50,
        "margin": 6.0,
        "lr": 0.001,
        "l2_reg_lambda": 0.0,
        "use_bn": false,
        "task": "discrimination",
        "bidirectional": false,
        "dpout_model": 0.0
    },
    "discrimination": [
        0.9150379506641366,
        [
            0.8647489539748954,
            0.9198324022346369,
            0.9734256926952141
        ]
    ],
    "insertion": [
        0.2923758465466589,
        [
            0.47045643222421457,
            0.21088863951732997,
            0.11470252187254869
        ]
    ]
}