{
    "hparams": {
        "loss": "margin",
        "input_dropout": 0.7,
        "hidden_state": 500,
        "hidden_layers": 2,
        "hidden_dropout": 0.2,
        "num_epochs": 50,
        "margin": 4.0,
        "lr": 0.001,
        "l2_reg_lambda": 0.0,
        "use_bn": false,
        "task": "discrimination",
        "bidirectional": false,
        "dpout_model": 0.0
    },
    "discrimination": [
        0.91646110056926,
        [
            0.8677824267782427,
            0.9212290502793297,
            0.9729219143576826
        ]
    ],
    "insertion": [
        0.28551035250153,
        [
            0.4599214650992892,
            0.19854007325750067,
            0.1147274007709314
        ]
    ]
}