{
    "hparams": {
        "loss": "margin",
        "input_dropout": 0.7,
        "hidden_state": 500,
        "hidden_layers": 2,
        "hidden_dropout": 0.2,
        "num_epochs": 50,
        "margin": 5.0,
        "lr": 0.001,
        "l2_reg_lambda": 0.0,
        "use_bn": false,
        "task": "discrimination",
        "bidirectional": false,
        "dpout_model": 0.0
    },
    "discrimination": [
        0.919022770398482,
        [
            0.8723849372384938,
            0.9206703910614525,
            0.9744332493702771
        ]
    ],
    "insertion": [
        0.2983742253483427,
        [
            0.47867603108188883,
            0.2101793758875586,
            0.1210508372194895
        ]
    ]
}