{
    "hparams": {
        "loss": "margin",
        "input_dropout": 0.7,
        "hidden_state": 500,
        "hidden_layers": 2,
        "hidden_dropout": 0.2,
        "num_epochs": 50,
        "margin": 5.0,
        "lr": 0.001,
        "l2_reg_lambda": 0.0,
        "use_bn": false,
        "task": "discrimination",
        "bidirectional": false,
        "dpout_model": 0.1
    },
    "discrimination": [
        0.919449715370019,
        [
            0.8757322175732217,
            0.9134078212290503,
            0.9748110831234257
        ]
    ],
    "insertion": [
        0.3009989945679903,
        [
            0.4828808859666599,
            0.2085174195885579,
            0.12370594124999111
        ]
    ]
}