{
    "hparams": {
        "loss": "margin",
        "input_dropout": 0.7,
        "hidden_state": 500,
        "hidden_layers": 2,
        "hidden_dropout": 0.2,
        "num_epochs": 50,
        "margin": 5.0,
        "lr": 0.001,
        "l2_reg_lambda": 0.1,
        "use_bn": false,
        "task": "discrimination",
        "bidirectional": false,
        "dpout_model": 0.05
    },
    "discrimination": [
        0.7492409867172676,
        [
            0.6556485355648536,
            0.7357541899441341,
            0.8680100755667506
        ]
    ],
    "insertion": [
        0.17612777628405568,
        [
            0.2935071727435744,
            0.11945824991166322,
            0.06035068236216216
        ]
    ]
}