{
    "hparams": {
        "loss": "margin",
        "input_dropout": 0.7,
        "hidden_state": 500,
        "hidden_layers": 2,
        "hidden_dropout": 0.2,
        "num_epochs": 50,
        "margin": 5.0,
        "lr": 0.001,
        "l2_reg_lambda": 0.1,
        "use_bn": false,
        "task": "discrimination",
        "bidirectional": false,
        "dpout_model": 0.1
    },
    "discrimination": [
        0.7316888045540797,
        [
            0.6637029288702929,
            0.714804469273743,
            0.8211586901763224
        ]
    ],
    "insertion": [
        0.1707458754803059,
        [
            0.29484791127050547,
            0.10464581620188967,
            0.05112657448061095
        ]
    ]
}