{
    "hparams": {
        "loss": "margin",
        "input_dropout": 0.7,
        "hidden_state": 500,
        "hidden_layers": 2,
        "hidden_dropout": 0.2,
        "num_epochs": 50,
        "margin": 6.0,
        "lr": 0.001,
        "l2_reg_lambda": 0.0,
        "use_bn": false,
        "task": "discrimination",
        "bidirectional": false,
        "dpout_model": 0.0
    },
    "discrimination": [
        0.9203510436432638,
        [
            0.8747907949790795,
            0.9175977653631285,
            0.976448362720403
        ]
    ],
    "insertion": [
        0.2965825104085454,
        [
            0.47809739655973965,
            0.20134865950802452,
            0.12097229310608273
        ]
    ]
}