{
    "hparams": {
        "loss": "margin",
        "input_dropout": 0.7,
        "hidden_state": 500,
        "hidden_layers": 2,
        "hidden_dropout": 0.2,
        "num_epochs": 50,
        "margin": 6.0,
        "lr": 0.001,
        "l2_reg_lambda": 0.0,
        "use_bn": false,
        "task": "discrimination",
        "bidirectional": false,
        "dpout_model": 0.05
    },
    "discrimination": [
        0.9193548387096774,
        [
            0.8717573221757322,
            0.9223463687150838,
            0.9753148614609571
        ]
    ],
    "insertion": [
        0.298586901577901,
        [
            0.4818049744304971,
            0.20748754604173425,
            0.11906182807017554
        ]
    ]
}