{
    "hparams": {
        "loss": "margin",
        "input_dropout": 0.7,
        "hidden_state": 500,
        "hidden_layers": 2,
        "hidden_dropout": 0.2,
        "num_epochs": 50,
        "margin": 6.0,
        "lr": 0.001,
        "l2_reg_lambda": 0.0,
        "use_bn": false,
        "task": "discrimination",
        "bidirectional": false,
        "dpout_model": 0.1
    },
    "discrimination": [
        0.9095351043643264,
        [
            0.8603556485355649,
            0.9097765363128492,
            0.968639798488665
        ]
    ],
    "insertion": [
        0.28950907367976275,
        [
            0.4725659161851629,
            0.19845830801215902,
            0.11015621810525346
        ]
    ]
}