{
    "hparams": {
        "loss": "margin",
        "input_dropout": 0.7,
        "hidden_state": 500,
        "hidden_layers": 2,
        "hidden_dropout": 0.30000000000000004,
        "num_epochs": 50,
        "margin": 4.0,
        "lr": 0.001,
        "l2_reg_lambda": 0.0,
        "use_bn": false,
        "task": "discrimination",
        "bidirectional": false,
        "dpout_model": 0.0
    },
    "discrimination": [
        0.914089184060721,
        [
            0.867050209205021,
            0.9134078212290503,
            0.9710327455919395
        ]
    ],
    "insertion": [
        0.2987890955860829,
        [
            0.47988062030949036,
            0.2130182612739646,
            0.11942191806487482
        ]
    ]
}