{
    "hparams": {
        "loss": "margin",
        "input_dropout": 0.7,
        "hidden_state": 500,
        "hidden_layers": 2,
        "hidden_dropout": 0.30000000000000004,
        "num_epochs": 50,
        "margin": 4.0,
        "lr": 0.001,
        "l2_reg_lambda": 0.0,
        "use_bn": false,
        "task": "discrimination",
        "bidirectional": false,
        "dpout_model": 0.05
    },
    "discrimination": [
        0.9134724857685009,
        [
            0.8658995815899582,
            0.9175977653631285,
            0.9688916876574307
        ]
    ],
    "insertion": [
        0.2881553049484224,
        [
            0.46130039184432475,
            0.20858136464316304,
            0.11556181320635713
        ]
    ]
}