{
    "hparams": {
        "loss": "margin",
        "input_dropout": 0.7,
        "hidden_state": 500,
        "hidden_layers": 2,
        "hidden_dropout": 0.30000000000000004,
        "num_epochs": 50,
        "margin": 4.0,
        "lr": 0.001,
        "l2_reg_lambda": 0.1,
        "use_bn": false,
        "task": "discrimination",
        "bidirectional": false,
        "dpout_model": 0.1
    },
    "discrimination": [
        0.7368595825426945,
        [
            0.6420502092050209,
            0.7243016759776536,
            0.8566750629722922
        ]
    ],
    "insertion": [
        0.16425810113781392,
        [
            0.274379026366474,
            0.11421880274704703,
            0.05423097809662438
        ]
    ]
}