{
    "hparams": {
        "loss": "margin",
        "input_dropout": 0.7,
        "hidden_state": 500,
        "hidden_layers": 2,
        "hidden_dropout": 0.30000000000000004,
        "num_epochs": 50,
        "margin": 5.0,
        "lr": 0.001,
        "l2_reg_lambda": 0.0,
        "use_bn": false,
        "task": "discrimination",
        "bidirectional": false,
        "dpout_model": 0.05
    },
    "discrimination": [
        0.914943074003795,
        [
            0.8662133891213389,
            0.9195530726256983,
            0.971536523929471
        ]
    ],
    "insertion": [
        0.2921931305258851,
        [
            0.46215298532244126,
            0.216808039275912,
            0.12154607949563649
        ]
    ]
}