{
    "hparams": {
        "loss": "margin",
        "input_dropout": 0.7,
        "hidden_state": 500,
        "hidden_layers": 2,
        "hidden_dropout": 0.30000000000000004,
        "num_epochs": 50,
        "margin": 5.0,
        "lr": 0.001,
        "l2_reg_lambda": 0.1,
        "use_bn": false,
        "task": "discrimination",
        "bidirectional": false,
        "dpout_model": 0.05
    },
    "discrimination": [
        0.7493358633776092,
        [
            0.6779288702928871,
            0.7337988826815642,
            0.8423173803526448
        ]
    ],
    "insertion": [
        0.17523407162940596,
        [
            0.30120292887029304,
            0.11227679216678993,
            0.05195003954543685
        ]
    ]
}