{
    "hparams": {
        "loss": "margin",
        "input_dropout": 0.7,
        "hidden_state": 500,
        "hidden_layers": 2,
        "hidden_dropout": 0.30000000000000004,
        "num_epochs": 50,
        "margin": 6.0,
        "lr": 0.001,
        "l2_reg_lambda": 0.0,
        "use_bn": false,
        "task": "discrimination",
        "bidirectional": false,
        "dpout_model": 0.1
    },
    "discrimination": [
        0.9074003795066413,
        [
            0.8557531380753138,
            0.9131284916201118,
            0.9670025188916876
        ]
    ],
    "insertion": [
        0.28564354330377417,
        [
            0.46158099222952775,
            0.20055886843380147,
            0.11217265215821981
        ]
    ]
}