{
    "hparams": {
        "loss": "margin",
        "input_dropout": 0.7,
        "hidden_state": 500,
        "hidden_layers": 2,
        "hidden_dropout": 0.30000000000000004,
        "num_epochs": 50,
        "margin": 6.0,
        "lr": 0.001,
        "l2_reg_lambda": 0.1,
        "use_bn": false,
        "task": "discrimination",
        "bidirectional": false,
        "dpout_model": 0.05
    },
    "discrimination": [
        0.7193548387096774,
        [
            0.6105648535564854,
            0.7360335195530726,
            0.8428211586901764
        ]
    ],
    "insertion": [
        0.16419264900440897,
        [
            0.2720229793451552,
            0.12052347557410943,
            0.05405129923399814
        ]
    ]
}