{
    "hparams": {
        "loss": "margin",
        "input_dropout": 0.7,
        "hidden_state": 500,
        "hidden_layers": 2,
        "hidden_dropout": 0.30000000000000004,
        "num_epochs": 50,
        "margin": 6.0,
        "lr": 0.001,
        "l2_reg_lambda": 0.1,
        "use_bn": false,
        "task": "discrimination",
        "bidirectional": false,
        "dpout_model": 0.1
    },
    "discrimination": [
        0.7734819734345351,
        [
            0.6864016736401674,
            0.764804469273743,
            0.8822418136020151
        ]
    ],
    "insertion": [
        0.18347971756546294,
        [
            0.30647539350468206,
            0.12495407998439105,
            0.06177733980240279
        ]
    ]
}