{
    "hparams": {
        "loss": "margin",
        "input_dropout": 0.7,
        "hidden_state": 500,
        "hidden_layers": 2,
        "hidden_dropout": 0.4000000000000001,
        "num_epochs": 50,
        "margin": 4.0,
        "lr": 0.001,
        "l2_reg_lambda": 0.0,
        "use_bn": false,
        "task": "discrimination",
        "bidirectional": false,
        "dpout_model": 0.05
    },
    "discrimination": [
        0.9117172675521822,
        [
            0.8592050209205021,
            0.9184357541899442,
            0.9719143576826197
        ]
    ],
    "insertion": [
        0.29053858835167184,
        [
            0.4663055389519823,
            0.2040913540215217,
            0.11788733534952693
        ]
    ]
}