{
    "hparams": {
        "loss": "margin",
        "input_dropout": 0.7,
        "hidden_state": 500,
        "hidden_layers": 2,
        "hidden_dropout": 0.4000000000000001,
        "num_epochs": 50,
        "margin": 4.0,
        "lr": 0.001,
        "l2_reg_lambda": 0.1,
        "use_bn": false,
        "task": "discrimination",
        "bidirectional": false,
        "dpout_model": 0.0
    },
    "discrimination": [
        0.7602941176470588,
        [
            0.6682008368200837,
            0.7466480446927374,
            0.8773299748110831
        ]
    ],
    "insertion": [
        0.17502047095652556,
        [
            0.2935088331008834,
            0.11094881038193556,
            0.061245635031710835
        ]
    ]
}