{
    "hparams": {
        "loss": "margin",
        "input_dropout": 0.7,
        "hidden_state": 500,
        "hidden_layers": 2,
        "hidden_dropout": 0.4000000000000001,
        "num_epochs": 50,
        "margin": 4.0,
        "lr": 0.001,
        "l2_reg_lambda": 0.1,
        "use_bn": false,
        "task": "discrimination",
        "bidirectional": false,
        "dpout_model": 0.05
    },
    "discrimination": [
        0.6634250474383302,
        [
            0.5616108786610878,
            0.6754189944134078,
            0.7806045340050378
        ]
    ],
    "insertion": [
        0.13712585385733086,
        [
            0.23376834694826334,
            0.0949059147540995,
            0.03980156519741323
        ]
    ]
}