{
    "hparams": {
        "loss": "margin",
        "input_dropout": 0.7,
        "hidden_state": 500,
        "hidden_layers": 2,
        "hidden_dropout": 0.4000000000000001,
        "num_epochs": 50,
        "margin": 4.0,
        "lr": 0.001,
        "l2_reg_lambda": 0.1,
        "use_bn": false,
        "task": "discrimination",
        "bidirectional": false,
        "dpout_model": 0.1
    },
    "discrimination": [
        0.7528937381404175,
        [
            0.647071129707113,
            0.7449720670391061,
            0.8838790931989925
        ]
    ],
    "insertion": [
        0.16492510550670636,
        [
            0.2752075446636118,
            0.10996874858368881,
            0.056920526091641735
        ]
    ]
}