{
    "hparams": {
        "loss": "margin",
        "input_dropout": 0.7,
        "hidden_state": 500,
        "hidden_layers": 2,
        "hidden_dropout": 0.4000000000000001,
        "num_epochs": 50,
        "margin": 5.0,
        "lr": 0.001,
        "l2_reg_lambda": 0.0,
        "use_bn": false,
        "task": "discrimination",
        "bidirectional": false,
        "dpout_model": 0.0
    },
    "discrimination": [
        0.9101992409867172,
        [
            0.8598326359832636,
            0.9134078212290503,
            0.9693954659949622
        ]
    ],
    "insertion": [
        0.29199720625709624,
        [
            0.46971674304310285,
            0.20371484267980974,
            0.11782240650047938
        ]
    ]
}