{
    "hparams": {
        "loss": "margin",
        "input_dropout": 0.7,
        "hidden_state": 500,
        "hidden_layers": 2,
        "hidden_dropout": 0.4000000000000001,
        "num_epochs": 50,
        "margin": 5.0,
        "lr": 0.001,
        "l2_reg_lambda": 0.1,
        "use_bn": false,
        "task": "discrimination",
        "bidirectional": false,
        "dpout_model": 0.0
    },
    "discrimination": [
        0.7549810246679317,
        [
            0.6591004184100419,
            0.7446927374301676,
            0.8750629722921914
        ]
    ],
    "insertion": [
        0.16938864753265315,
        [
            0.2777445706315999,
            0.11893734867254764,
            0.06167240384162625
        ]
    ]
}