{
    "hparams": {
        "loss": "margin",
        "input_dropout": 0.7,
        "hidden_state": 500,
        "hidden_layers": 2,
        "hidden_dropout": 0.4000000000000001,
        "num_epochs": 50,
        "margin": 5.0,
        "lr": 0.001,
        "l2_reg_lambda": 0.1,
        "use_bn": false,
        "task": "discrimination",
        "bidirectional": false,
        "dpout_model": 0.05
    },
    "discrimination": [
        0.7524667931688804,
        [
            0.671652719665272,
            0.7435754189944134,
            0.8537783375314861
        ]
    ],
    "insertion": [
        0.181671018494429,
        [
            0.30947565916185177,
            0.11660429625106965,
            0.05712775663683007
        ]
    ]
}