{
    "hparams": {
        "loss": "margin",
        "input_dropout": 0.7,
        "hidden_state": 500,
        "hidden_layers": 2,
        "hidden_dropout": 0.4000000000000001,
        "num_epochs": 50,
        "margin": 5.0,
        "lr": 0.001,
        "l2_reg_lambda": 0.1,
        "use_bn": false,
        "task": "discrimination",
        "bidirectional": false,
        "dpout_model": 0.1
    },
    "discrimination": [
        0.7575426944971537,
        [
            0.6561715481171548,
            0.7430167597765364,
            0.8861460957178842
        ]
    ],
    "insertion": [
        0.1801633865468798,
        [
            0.2962749883774989,
            0.12301386960181086,
            0.06612917460262649
        ]
    ]
}