{
    "hparams": {
        "loss": "margin",
        "input_dropout": 0.7,
        "hidden_state": 500,
        "hidden_layers": 2,
        "hidden_dropout": 0.4000000000000001,
        "num_epochs": 50,
        "margin": 6.0,
        "lr": 0.001,
        "l2_reg_lambda": 0.0,
        "use_bn": false,
        "task": "discrimination",
        "bidirectional": false,
        "dpout_model": 0.0
    },
    "discrimination": [
        0.9101043643263758,
        [
            0.8591004184100418,
            0.9150837988826815,
            0.9692695214105793
        ]
    ],
    "insertion": [
        0.29032211624124976,
        [
            0.4707876735073388,
            0.2040677142059522,
            0.11192665425416594
        ]
    ]
}