{
    "hparams": {
        "loss": "margin",
        "input_dropout": 0.7,
        "hidden_state": 500,
        "hidden_layers": 2,
        "hidden_dropout": 0.4000000000000001,
        "num_epochs": 50,
        "margin": 6.0,
        "lr": 0.001,
        "l2_reg_lambda": 0.0,
        "use_bn": false,
        "task": "discrimination",
        "bidirectional": false,
        "dpout_model": 0.05
    },
    "discrimination": [
        0.9133301707779886,
        [
            0.8620292887029288,
            0.9167597765363128,
            0.9735516372795969
        ]
    ],
    "insertion": [
        0.2923548792514851,
        [
            0.4694726705186955,
            0.20982504918522885,
            0.1163108877052214
        ]
    ]
}