{
    "hparams": {
        "loss": "margin",
        "input_dropout": 0.7,
        "hidden_state": 500,
        "hidden_layers": 2,
        "hidden_dropout": 0.4000000000000001,
        "num_epochs": 50,
        "margin": 6.0,
        "lr": 0.001,
        "l2_reg_lambda": 0.0,
        "use_bn": false,
        "task": "discrimination",
        "bidirectional": false,
        "dpout_model": 0.1
    },
    "discrimination": [
        0.9127134724857685,
        [
            0.8608786610878661,
            0.9170391061452514,
            0.9731738035264483
        ]
    ],
    "insertion": [
        0.28858058236044776,
        [
            0.4662316530517366,
            0.19795326753833775,
            0.11554551324891521
        ]
    ]
}