{
    "hparams": {
        "loss": "margin",
        "input_dropout": 0.7,
        "hidden_state": 500,
        "hidden_layers": 2,
        "hidden_dropout": 0.4000000000000001,
        "num_epochs": 50,
        "margin": 6.0,
        "lr": 0.001,
        "l2_reg_lambda": 0.1,
        "use_bn": false,
        "task": "discrimination",
        "bidirectional": false,
        "dpout_model": 0.0
    },
    "discrimination": [
        0.7492409867172676,
        [
            0.6430962343096235,
            0.7466480446927374,
            0.8782115869017633
        ]
    ],
    "insertion": [
        0.17297685170178975,
        [
            0.2905301520887296,
            0.11211705794440972,
            0.058879686708373534
        ]
    ]
}