{
    "hparams": {
        "loss": "margin",
        "input_dropout": 0.7,
        "hidden_state": 500,
        "hidden_layers": 2,
        "hidden_dropout": 0.4000000000000001,
        "num_epochs": 50,
        "margin": 6.0,
        "lr": 0.001,
        "l2_reg_lambda": 0.1,
        "use_bn": false,
        "task": "discrimination",
        "bidirectional": false,
        "dpout_model": 0.05
    },
    "discrimination": [
        0.7701612903225806,
        [
            0.6773012552301255,
            0.7650837988826815,
            0.8842569269521411
        ]
    ],
    "insertion": [
        0.1833381728135525,
        [
            0.30649365743508017,
            0.11245690067965518,
            0.06701430899208498
        ]
    ]
}