{
    "hparams": {
        "loss": "margin",
        "input_dropout": 0.7,
        "hidden_state": 500,
        "hidden_layers": 2,
        "hidden_dropout": 0.4000000000000001,
        "num_epochs": 50,
        "margin": 6.0,
        "lr": 0.001,
        "l2_reg_lambda": 0.1,
        "use_bn": false,
        "task": "discrimination",
        "bidirectional": false,
        "dpout_model": 0.1
    },
    "discrimination": [
        0.7441176470588236,
        [
            0.6162133891213389,
            0.7544692737430168,
            0.8934508816120906
        ]
    ],
    "insertion": [
        0.1586283043592753,
        [
            0.25265574151557435,
            0.11947843022505322,
            0.06306838624671812
        ]
    ]
}